district,arrival date,Avg price,rainfall,soil_ph,month,year
Bangalore,03/01/2014,1900,,
Bangalore,03/01/2014,1900,,
Bangalore,04/01/2014,1900,,
Bangalore,04/01/2014,1900,,
Bangalore,04/01/2014,1900,,
Bangalore,06/01/2014,1900,,
Bangalore,06/01/2014,1900,,
Bangalore,06/01/2014,1900,,
Bangalore,07/01/2014,1950,,
Bangalore,07/01/2014,1950,,
Bangalore,08/01/2014,1950,,
Bangalore,09/01/2014,1950,,
Bangalore,10/01/2014,1950,,
Bangalore,13/01/2014,1950,,
Bangalore,16/01/2014,1950,,
Bangalore,17/01/2014,1900,,
Bangalore,18/01/2014,1850,,
Bangalore,20/01/2014,1850,,
Bangalore,21/01/2014,1800,,
Bangalore,22/01/2014,1900,,
Bangalore,23/01/2014,1900,,
Bangalore,24/01/2014,1900,,
Bangalore,25/01/2014,1900,,
Bangalore,27/01/2014,1900,,
Bangalore,28/01/2014,1900,,
Bangalore,29/01/2014,1900,,
Bangalore,30/01/2014,1700,,
Bangalore,31/01/2014,1700,,
Bangalore,01/02/2014,1700,,
Bangalore,03/02/2014,1700,,
Bangalore,04/02/2014,1700,,
Bangalore,05/02/2014,1700,,
Bangalore,06/02/2014,1700,,
Bangalore,07/02/2014,1700,,
Bangalore,08/02/2014,1700,,
Bangalore,10/02/2014,1700,,
Bangalore,11/02/2014,1700,,
Bangalore,12/02/2014,1700,,
Bangalore,13/02/2014,1800,,
Bangalore,14/02/2014,1800,,
Bangalore,15/02/2014,1800,,
Bangalore,17/02/2014,1600,,
Bangalore,18/02/2014,1600,,
Bangalore,19/02/2014,1600,,
Bangalore,20/02/2014,1900,,
Bangalore,21/02/2014,1900,,
Bangalore,22/02/2014,1900,,
Bangalore,24/02/2014,1900,,
Bangalore,25/02/2014,1900,,
Bangalore,26/02/2014,1900,,
Bangalore,27/02/2014,1900,,
Bangalore,28/02/2014,1900,,
Bangalore,01/03/2014,2150,,
Bangalore,03/03/2014,1875,,
Bangalore,04/03/2014,1875,,
Bangalore,05/03/2014,1875,,
Bangalore,06/03/2014,2000,,
Bangalore,07/03/2014,2000,,
Bangalore,08/03/2014,2000,,
Bangalore,10/03/2014,2000,,
Bangalore,11/03/2014,1900,,
Bangalore,12/03/2014,2100,,
Bangalore,13/03/2014,2100,,
Bangalore,14/03/2014,2100,,
Bangalore,15/03/2014,2100,,
Bangalore,17/03/2014,2100,,
Bangalore,18/03/2014,2100,,
Bangalore,19/03/2014,1900,,
Bangalore,20/03/2014,1900,,
Bangalore,21/03/2014,1900,,
Bangalore,22/03/2014,1900,,
Bangalore,24/03/2014,1900,,
Bangalore,25/03/2014,1850,,
Bangalore,26/03/2014,1850,,
Bangalore,27/03/2014,1850,,
Bangalore,28/03/2014,2000,,
Bangalore,29/03/2014,2000,,
Bangalore,01/04/2014,1850,,
Bangalore,02/04/2014,2000,,
Bangalore,03/04/2014,1850,,
Bangalore,04/04/2014,2100,,
Bangalore,05/04/2014,2100,,
Bangalore,07/04/2014,2100,,
Bangalore,08/04/2014,2100,,
Bangalore,09/04/2014,1900,,
Bangalore,10/04/2014,2100,,
Bangalore,11/04/2014,2100,,
Bangalore,12/04/2014,2100,,
Bangalore,14/04/2014,2100,,
Bangalore,15/04/2014,2100,,
Bangalore,16/04/2014,2100,,
Bangalore,19/04/2014,2100,,
Bangalore,21/04/2014,2000,,
Bangalore,22/04/2014,2000,,
Bangalore,23/04/2014,2000,,
Bangalore,24/04/2014,2000,,
Bangalore,25/04/2014,1800,,
Bangalore,26/04/2014,2000,,
Bangalore,28/04/2014,1900,,
Bangalore,29/04/2014,2000,,
Bangalore,30/04/2014,2000,,
Bangalore,03/05/2014,2000,,
Bangalore,05/05/2014,2000,,
Bangalore,06/05/2014,2000,,
Bangalore,07/05/2014,2100,,
Bangalore,08/05/2014,2100,,
Bangalore,09/05/2014,1800,,
Bangalore,12/05/2014,1800,,
Bangalore,13/05/2014,1800,,
Bangalore,14/05/2014,1975,,
Bangalore,15/05/2014,1975,,
Bangalore,16/05/2014,1975,,
Bangalore,17/05/2014,1975,,
Bangalore,19/05/2014,1975,,
Bangalore,20/05/2014,2300,,
Bangalore,21/05/2014,2300,,
Bangalore,22/05/2014,2300,,
Bangalore,23/05/2014,2300,,
Bangalore,24/05/2014,2300,,
Bangalore,26/05/2014,2300,,
Bangalore,27/05/2014,1800,,
Bangalore,28/05/2014,1800,,
Bangalore,29/05/2014,1800,,
Bangalore,30/05/2014,1800,,
Bangalore,31/05/2014,1800,,
Bangalore,02/06/2014,1800,,
Bangalore,03/06/2014,1800,,
Bangalore,04/06/2014,1800,,
Bangalore,05/06/2014,1800,,
Bangalore,06/06/2014,1800,,
Bangalore,09/06/2014,1800,,
Bangalore,10/06/2014,1800,,
Bangalore,11/06/2014,2100,,
Bangalore,12/06/2014,2100,,
Bangalore,13/06/2014,2100,,
Bangalore,16/06/2014,2100,,
Bangalore,17/06/2014,2125,,
Bangalore,18/06/2014,2125,,
Bangalore,19/06/2014,2125,,
Bangalore,20/06/2014,2125,,
Bangalore,21/06/2014,2125,,
Bangalore,23/06/2014,2125,,
Bangalore,24/06/2014,2125,,
Bangalore,25/06/2014,2125,,
Bangalore,26/06/2014,2125,,
Bangalore,27/06/2014,2200,,
Bangalore,28/06/2014,2200,,
Bangalore,01/07/2014,2200,,
Bangalore,02/07/2014,2200,,
Bangalore,03/07/2014,2200,,
Bangalore,04/07/2014,2200,,
Bangalore,05/07/2014,2200,,
Bangalore,07/07/2014,2200,,
Bangalore,08/07/2014,2200,,
Bangalore,09/07/2014,2200,,
Bangalore,10/07/2014,2200,,
Bangalore,11/07/2014,2100,,
Bangalore,14/07/2014,2100,,
Bangalore,15/07/2014,2100,,
Bangalore,16/07/2014,2000,,
Bangalore,17/07/2014,2000,,
Bangalore,18/07/2014,2000,,
Bangalore,19/07/2014,2050,,
Bangalore,21/07/2014,2050,,
Bangalore,22/07/2014,2050,,
Bangalore,23/07/2014,2050,,
Bangalore,24/07/2014,2050,,
Bangalore,25/07/2014,2050,,
Bangalore,26/07/2014,2150,,
Bangalore,28/07/2014,2150,,
Bangalore,30/07/2014,2150,,
Bangalore,31/07/2014,2150,,
Bangalore,01/08/2014,2150,,
Bangalore,02/08/2014,2150,,
Bangalore,04/08/2014,2150,,
Bangalore,05/08/2014,2150,,
Bangalore,06/08/2014,2150,,
Bangalore,07/08/2014,2200,,
Bangalore,08/08/2014,2200,,
Bangalore,12/08/2014,2200,,
Bangalore,13/08/2014,2250,,
Bangalore,14/08/2014,2250,,
Bangalore,16/08/2014,2250,,
Bangalore,19/08/2014,2250,,
Bangalore,20/08/2014,2250,,
Bangalore,21/08/2014,2250,,
Bangalore,22/08/2014,2250,,
Bangalore,25/08/2014,2250,,
Bangalore,26/08/2014,2250,,
Bangalore,28/08/2014,2200,,
Bangalore,30/08/2014,2200,,
Bangalore,01/09/2014,2200,,
Bangalore,02/09/2014,2200,,
Bangalore,03/09/2014,2150,,
Bangalore,04/09/2014,2150,,
Bangalore,05/09/2014,2150,,
Bangalore,06/09/2014,2150,,
Bangalore,09/09/2014,2150,,
Bangalore,10/09/2014,2250,,
Bangalore,11/09/2014,2250,,
Bangalore,12/09/2014,2250,,
Bangalore,15/09/2014,2250,,
Bangalore,16/09/2014,2250,,
Bangalore,17/09/2014,2250,,
Bangalore,18/09/2014,2250,,
Bangalore,19/09/2014,2250,,
Bangalore,20/09/2014,2250,,
Bangalore,22/09/2014,2250,,
Bangalore,23/09/2014,2250,,
Bangalore,25/09/2014,2250,,
Bangalore,26/09/2014,2250,,
Bangalore,27/09/2014,2250,,
Bangalore,29/09/2014,2250,,
Bangalore,30/09/2014,2250,,
Bangalore,07/10/2014,2250,,
Bangalore,09/10/2014,2250,,
Bangalore,10/10/2014,2250,,
Bangalore,13/10/2014,2250,,
Bangalore,14/10/2014,2350,,
Bangalore,15/10/2014,2350,,
Bangalore,16/10/2014,2250,,
Bangalore,17/10/2014,2250,,
Bangalore,18/10/2014,2250,,
Bangalore,20/10/2014,2250,,
Bangalore,21/10/2014,2250,,
Bangalore,23/10/2014,2250,,
Bangalore,25/10/2014,2250,,
Bangalore,27/10/2014,2250,,
Bangalore,28/10/2014,2250,,
Bangalore,29/10/2014,2250,,
Bangalore,30/10/2014,2250,,
Bangalore,31/10/2014,2250,,
Bangalore,03/11/2014,2650,,
Bangalore,05/11/2014,2250,,
Bangalore,06/11/2014,2250,,
Bangalore,07/11/2014,2200,,
Bangalore,10/11/2014,2200,,
Bangalore,11/11/2014,2200,,
Bangalore,12/11/2014,2200,,
Bangalore,13/11/2014,2200,,
Bangalore,14/11/2014,2200,,
Bangalore,15/11/2014,2200,,
Bangalore,17/11/2014,2200,,
Bangalore,18/11/2014,2250,,
Bangalore,19/11/2014,2250,,
Bangalore,20/11/2014,2250,,
Bangalore,01/02/2014,1650,,
Bangalore,08/05/2014,1900,,
Bangalore,09/05/2014,1600,,
Bangalore,23/05/2014,1700,,
Bangalore,24/05/2014,1700,,
Bangalore,02/06/2014,1450,,
Bangalore,03/06/2014,1450,,
Bangalore,04/06/2014,1450,,
Bangalore,05/06/2014,1450,,
Bangalore,06/06/2014,1450,,
Bangalore,09/06/2014,1450,,
Bangalore,10/06/2014,1450,,
Bangalore,11/06/2014,1600,,
Bangalore,21/06/2014,1850,,
Bangalore,19/02/2014,1500,,
Bangalore,12/03/2014,1500,,
Bangalore,28/05/2014,1500,,
Bangalore,04/06/2014,1500,,
Bangalore,25/06/2014,1500,,
Bangalore,02/07/2014,1600,,
Bangalore,23/07/2014,1500,,
Bangalore,01/08/2014,1500,,
Bangalore,25/09/2014,1550,,
Bangalore,09/10/2014,1550,,
Bangalore,16/10/2014,1600,,
Bangalore,23/10/2014,1500,,
Bangalore,18/01/2014,1700,,
Bangalore,27/01/2014,1890,,
Bangalore,10/02/2014,1666,,
Bangalore,18/02/2014,1000,,
Bangalore,19/02/2014,1600,,
Bangalore,27/03/2014,1800,,
Bangalore,26/04/2014,1568,,
Bangalore,16/05/2014,1600,,
Bangalore,19/05/2014,1600,,
Bangalore,01/07/2014,1600,,
Bangalore,14/07/2014,1500,,
Bangalore,17/07/2014,1800,,
Bangalore,04/09/2014,1800,,
Bangalore,25/09/2014,1780,,
Bangalore,27/09/2014,1900,,
Bangalore,16/10/2014,1800,,
Bangalore,06/11/2014,1700,,
Bangalore,20/11/2014,1830,,
Belgaum,21/04/2014,2180,,
Bellary,22/02/2014,1553,,
Bellary,12/09/2014,1630,,
Bellary,05/02/2014,1200,,
Bellary,18/01/2014,1075,,
Bellary,22/01/2014,1219,,
Bellary,25/01/2014,1209,,
Bellary,15/02/2014,1202,,
Bellary,01/09/2014,1722,,
Chamrajnagar,28/02/2014,1189,,
Chamrajnagar,15/03/2014,1600,,
Chamrajnagar,29/04/2014,1800,,
Chamrajnagar,10/05/2014,1500,,
Chamrajnagar,11/07/2014,1500,,
Chamrajnagar,15/07/2014,1500,,
Chamrajnagar,30/07/2014,1300,,
Chamrajnagar,06/08/2014,1300,,
Chamrajnagar,20/08/2014,1300,,
Chamrajnagar,03/09/2014,1500,,
Chamrajnagar,05/09/2014,1500,,
Chamrajnagar,03/11/2014,1300,,
Chamrajnagar,13/01/2014,1600,,
Chamrajnagar,22/01/2014,1500,,
Chamrajnagar,17/03/2014,1400,,
Chamrajnagar,05/06/2014,2058,,
Chamrajnagar,21/07/2014,1600,,
Chamrajnagar,12/08/2014,1833,,
Chamrajnagar,22/08/2014,2000,,
Chamrajnagar,22/09/2014,1950,,
Chamrajnagar,23/09/2014,1975,,
Chamrajnagar,17/10/2014,1200,,
Chamrajnagar,06/11/2014,1350,,
Chamrajnagar,10/11/2014,1250,,
Chamrajnagar,11/11/2014,1200,,
Chamrajnagar,16/11/2014,1682,,
Chamrajnagar,07/01/2014,1600,,
Chamrajnagar,19/03/2014,1500,,
Chamrajnagar,21/04/2014,1100,,
Chamrajnagar,04/08/2014,1400,,
Chamrajnagar,03/09/2014,1200,,
Chamrajnagar,06/09/2014,1400,,
Chikmagalur,08/01/2014,1600,,
Chikmagalur,16/01/2014,1600,,
Chikmagalur,23/01/2014,1600,,
Chikmagalur,29/01/2014,1600,,
Chikmagalur,03/02/2014,1300,,
Chikmagalur,05/02/2014,1500,,
Chikmagalur,12/02/2014,1500,,
Chikmagalur,19/02/2014,1500,,
Chikmagalur,26/02/2014,1500,,
Chikmagalur,19/03/2014,1600,,
Chikmagalur,26/03/2014,1600,,
Chikmagalur,02/04/2014,1600,,
Chikmagalur,09/04/2014,1600,,
Chikmagalur,16/04/2014,1300,,
Chikmagalur,23/04/2014,1600,,
Chikmagalur,24/04/2014,1350,,
Chikmagalur,30/04/2014,1600,,
Chikmagalur,07/05/2014,1600,,
Chikmagalur,28/05/2014,1600,,
Chikmagalur,11/06/2014,1600,,
Chikmagalur,13/06/2014,1400,,
Chikmagalur,18/06/2014,1600,,
Chikmagalur,02/07/2014,1600,,
Chikmagalur,28/08/2014,1600,,
Chikmagalur,03/09/2014,1600,,
Chikmagalur,17/09/2014,1600,,
Chikmagalur,01/10/2014,1500,,
Chikmagalur,10/10/2014,1400,,
Chikmagalur,06/11/2014,2325,,
Chikmagalur,04/01/2014,1825,,
Chikmagalur,08/01/2014,1800,,
Chikmagalur,10/01/2014,1200,,
Chikmagalur,17/01/2014,1880,,
Chikmagalur,18/01/2014,1600,,
Chikmagalur,20/01/2014,1703,,
Chikmagalur,21/01/2014,1450,,
Chikmagalur,25/01/2014,1200,,
Chikmagalur,28/01/2014,1700,,
Chikmagalur,29/01/2014,1440,,
Chikmagalur,05/02/2014,1300,,
Chikmagalur,10/02/2014,1300,,
Chikmagalur,15/02/2014,1300,,
Chikmagalur,19/02/2014,1400,,
Chikmagalur,20/02/2014,1500,,
Chikmagalur,22/02/2014,1900,,
Chikmagalur,01/03/2014,1950,,
Chikmagalur,04/03/2014,1334,,
Chikmagalur,05/03/2014,1575,,
Chikmagalur,12/03/2014,1650,,
Chikmagalur,13/03/2014,1980,,
Chikmagalur,14/03/2014,1600,,
Chikmagalur,15/03/2014,1600,,
Chikmagalur,17/03/2014,1400,,
Chikmagalur,19/03/2014,1333,,
Chikmagalur,21/03/2014,1850,,
Chikmagalur,25/03/2014,1400,,
Chikmagalur,26/03/2014,1500,,
Chikmagalur,29/03/2014,1860,,
Chikmagalur,02/04/2014,1400,,
Chikmagalur,04/04/2014,1800,,
Chikmagalur,05/04/2014,1800,,
Chikmagalur,07/04/2014,1850,,
Chikmagalur,08/04/2014,1334,,
Chikmagalur,09/04/2014,1500,,
Chikmagalur,19/04/2014,1820,,
Chikmagalur,23/04/2014,1800,,
Chikmagalur,24/04/2014,1250,,
Chikmagalur,25/04/2014,1725,,
Chikmagalur,29/04/2014,1333,,
Chikmagalur,03/05/2014,1850,,
Chikmagalur,06/05/2014,1400,,
Chikmagalur,14/05/2014,1333,,
Chikmagalur,16/05/2014,2300,,
Chikmagalur,17/05/2014,1650,,
Chikmagalur,19/05/2014,1700,,
Chikmagalur,21/05/2014,1400,,
Chikmagalur,26/05/2014,1440,,
Chikmagalur,27/05/2014,1400,,
Chikmagalur,29/05/2014,1600,,
Chikmagalur,03/06/2014,1600,,
Chikmagalur,04/06/2014,1400,,
Chikmagalur,10/06/2014,1700,,
Chikmagalur,11/06/2014,1500,,
Chikmagalur,12/06/2014,1250,,
Chikmagalur,18/06/2014,1600,,
Chikmagalur,19/06/2014,1600,,
Chikmagalur,23/06/2014,1600,,
Chikmagalur,24/06/2014,1550,,
Chikmagalur,28/06/2014,1600,,
Chikmagalur,01/07/2014,1334,,
Chikmagalur,09/07/2014,1500,,
Chikmagalur,11/07/2014,2000,,
Chikmagalur,16/07/2014,1400,,
Chikmagalur,19/07/2014,1500,,
Chikmagalur,22/07/2014,1700,,
Chikmagalur,23/07/2014,1700,,
Chikmagalur,19/08/2014,1334,,
Chikmagalur,20/08/2014,1600,,
Chikmagalur,22/08/2014,1200,,
Chikmagalur,25/08/2014,1200,,
Chikmagalur,26/08/2014,1650,,
Chikmagalur,28/08/2014,1710,,
Chikmagalur,30/08/2014,1600,,
Chikmagalur,15/03/2014,1500,,
Chikmagalur,13/01/2014,1600,,
Chikmagalur,16/01/2014,1400,,
Chikmagalur,18/01/2014,1700,,
Chikmagalur,25/01/2014,1400,,
Chikmagalur,05/02/2014,1200,,
Chikmagalur,10/02/2014,1573,,
Chikmagalur,22/02/2014,1800,,
Chikmagalur,28/02/2014,1600,,
Chikmagalur,10/03/2014,1800,,
Chikmagalur,15/03/2014,1583,,
Chikmagalur,19/03/2014,1300,,
Chikmagalur,22/03/2014,1667,,
Chikmagalur,24/03/2014,1800,,
Chikmagalur,29/03/2014,1600,,
Chikmagalur,05/04/2014,1815,,
Chikmagalur,09/04/2014,1962,,
Chikmagalur,15/04/2014,1820,,
Chikmagalur,16/04/2014,1600,,
Chikmagalur,21/04/2014,1258,,
Chikmagalur,25/04/2014,2000,,
Chikmagalur,30/04/2014,1300,,
Chikmagalur,02/05/2014,1891,,
Chikmagalur,05/05/2014,1600,,
Chikmagalur,14/05/2014,1300,,
Chikmagalur,17/05/2014,1574,,
Chikmagalur,24/05/2014,1583,,
Chikmagalur,31/05/2014,1866,,
Chikmagalur,06/06/2014,1800,,
Chikmagalur,16/06/2014,1666,,
Chikmagalur,18/06/2014,1500,,
Chikmagalur,21/06/2014,2000,,
Chikmagalur,28/06/2014,1511,,
Chikmagalur,05/07/2014,1400,,
Chikmagalur,14/07/2014,1840,,
Chikmagalur,16/07/2014,1600,,
Chikmagalur,26/07/2014,1600,,
Chikmagalur,30/07/2014,1550,,
Chikmagalur,02/08/2014,1600,,
Chikmagalur,06/08/2014,2282,,
Chikmagalur,11/08/2014,1149,,
Chikmagalur,25/08/2014,1400,,
Chikmagalur,26/08/2014,1850,,
Chikmagalur,03/09/2014,1435,,
Chikmagalur,06/09/2014,1450,,
Chikmagalur,17/09/2014,1400,,
Chikmagalur,20/09/2014,1400,,
Chikmagalur,25/09/2014,1870,,
Chikmagalur,27/09/2014,1600,,
Chikmagalur,01/10/2014,1400,,
Chikmagalur,13/10/2014,1600,,
Chikmagalur,18/10/2014,1400,,
Chikmagalur,23/10/2014,1400,,
Chikmagalur,29/10/2014,1400,,
Chikmagalur,03/11/2014,1494,,
Chikmagalur,05/11/2014,1200,,
Chikmagalur,10/11/2014,1300,,
Chikmagalur,12/11/2014,1200,,
Chikmagalur,15/11/2014,1400,,
Chitradurga,27/01/2014,1600,,
Chitradurga,03/03/2014,1500,,
Chitradurga,25/03/2014,1360,,
Chitradurga,27/03/2014,1400,,
Chitradurga,28/03/2014,1510,,
Chitradurga,29/03/2014,1500,,
Chitradurga,08/04/2014,1600,,
Chitradurga,16/04/2014,1530,,
Chitradurga,23/04/2014,1400,,
Chitradurga,09/05/2014,1300,,
Chitradurga,19/05/2014,1300,,
Chitradurga,26/05/2014,1300,,
Chitradurga,04/06/2014,1250,,
Chitradurga,05/06/2014,1250,,
Chitradurga,30/07/2014,1200,,
Chitradurga,31/07/2014,1200,,
Chitradurga,06/08/2014,1200,,
Chitradurga,18/08/2014,1320,,
Chitradurga,26/08/2014,1400,,
Chitradurga,03/09/2014,1500,,
Chitradurga,05/09/2014,1450,,
Chitradurga,12/09/2014,1300,,
Chitradurga,15/09/2014,1200,,
Chitradurga,16/09/2014,1200,,
Chitradurga,17/09/2014,1400,,
Chitradurga,19/09/2014,1450,,
Chitradurga,22/09/2014,1400,,
Chitradurga,26/09/2014,1300,,
Chitradurga,30/09/2014,1350,,
Chitradurga,07/10/2014,1350,,
Chitradurga,09/10/2014,1380,,
Chitradurga,13/10/2014,1200,,
Chitradurga,15/10/2014,1200,,
Chitradurga,20/10/2014,1300,,
Chitradurga,28/10/2014,1200,,
Chitradurga,06/11/2014,1200,,
Chitradurga,13/11/2014,1100,,
Chitradurga,18/11/2014,1100,,
Chitradurga,20/11/2014,1200,,
Davangere,17/01/2014,1950,,
Davangere,23/04/2014,1850,,
Davangere,24/04/2014,1850,,
Davangere,16/01/2014,1425,,
Davangere,22/01/2014,1230,,
Davangere,10/02/2014,1370,,
Davangere,15/02/2014,1425,,
Davangere,24/02/2014,1480,,
Davangere,26/02/2014,1350,,
Davangere,10/03/2014,1165,,
Davangere,12/03/2014,1490,,
Davangere,18/03/2014,1480,,
Davangere,19/03/2014,1605,,
Davangere,24/03/2014,1200,,
Davangere,29/03/2014,1575,,
Davangere,06/04/2014,1525,,
Davangere,08/04/2014,1410,,
Davangere,12/04/2014,1535,,
Davangere,16/04/2014,1600,,
Davangere,26/04/2014,1570,,
Davangere,28/04/2014,1900,,
Davangere,05/05/2014,1520,,
Davangere,06/05/2014,1525,,
Davangere,20/05/2014,1480,,
Davangere,27/05/2014,1550,,
Davangere,11/06/2014,1450,,
Davangere,14/06/2014,1360,,
Davangere,18/06/2014,1600,,
Davangere,19/06/2014,1625,,
Davangere,04/07/2014,1650,,
Davangere,09/07/2014,1410,,
Davangere,10/07/2014,1410,,
Davangere,12/07/2014,1410,,
Davangere,16/07/2014,1420,,
Davangere,26/07/2014,1535,,
Davangere,30/07/2014,1540,,
Davangere,01/08/2014,1425,,
Davangere,05/08/2014,1475,,
Davangere,06/08/2014,1475,,
Davangere,11/08/2014,1410,,
Davangere,12/08/2014,1415,,
Davangere,14/08/2014,1580,,
Davangere,19/08/2014,1400,,
Davangere,26/08/2014,1405,,
Davangere,03/09/2014,1420,,
Davangere,04/09/2014,1911,,
Davangere,08/09/2014,1540,,
Davangere,17/09/2014,1255,,
Davangere,23/09/2014,1220,,
Davangere,26/09/2014,1000,,
Davangere,11/10/2014,1440,,
Davangere,13/10/2014,1450,,
Davangere,20/10/2014,1550,,
Davangere,27/10/2014,1233,,
Davangere,21/02/2014,1360,,
Davangere,13/03/2014,1420,,
Davangere,25/03/2014,1320,,
Davangere,25/08/2014,1300,,
Davangere,02/09/2014,1380,,
Davangere,29/09/2014,1315,,
Dharwad,05/02/2014,1109,,
Dharwad,07/05/2014,1259,,
Dharwad,15/09/2014,800,,
Gadag,13/09/2014,804,,
Gadag,09/10/2014,941,,
Gadag,28/10/2014,704,,
Gadag,06/11/2014,811,,
Hassan,03/01/2014,1500,,
Hassan,03/01/2014,1500,,
Hassan,04/01/2014,1555,,
Hassan,06/01/2014,1512,,
Hassan,07/01/2014,1580,,
Hassan,08/01/2014,1450,,
Hassan,09/01/2014,1455,,
Hassan,10/01/2014,1450,,
Hassan,13/01/2014,1400,,
Hassan,16/01/2014,1455,,
Hassan,17/01/2014,1410,,
Hassan,18/01/2014,1340,,
Hassan,20/01/2014,1300,,
Hassan,22/01/2014,1360,,
Hassan,23/01/2014,1357,,
Hassan,28/01/2014,1360,,
Hassan,30/01/2014,1350,,
Hassan,31/01/2014,1400,,
Hassan,01/02/2014,1350,,
Hassan,03/02/2014,1350,,
Hassan,04/02/2014,1400,,
Hassan,05/02/2014,1400,,
Hassan,06/02/2014,1350,,
Hassan,07/02/2014,1360,,
Hassan,10/02/2014,1540,,
Hassan,12/02/2014,1390,,
Hassan,14/02/2014,1350,,
Hassan,18/02/2014,1380,,
Hassan,19/02/2014,1280,,
Hassan,20/02/2014,1560,,
Hassan,21/02/2014,1400,,
Hassan,25/02/2014,1455,,
Hassan,28/02/2014,1450,,
Hassan,03/03/2014,1500,,
Hassan,04/03/2014,1610,,
Hassan,06/03/2014,2060,,
Hassan,07/03/2014,1480,,
Hassan,10/03/2014,1610,,
Hassan,11/03/2014,1410,,
Hassan,12/03/2014,1870,,
Hassan,13/03/2014,1500,,
Hassan,14/03/2014,1400,,
Hassan,19/03/2014,1460,,
Hassan,22/03/2014,1560,,
Hassan,24/03/2014,1450,,
Hassan,25/03/2014,1560,,
Hassan,26/03/2014,1500,,
Hassan,28/03/2014,1430,,
Hassan,29/03/2014,1500,,
Hassan,02/04/2014,1560,,
Hassan,03/04/2014,1450,,
Hassan,04/04/2014,1500,,
Hassan,05/04/2014,1450,,
Hassan,07/04/2014,1550,,
Hassan,08/04/2014,1510,,
Hassan,09/04/2014,1400,,
Hassan,10/04/2014,1400,,
Hassan,11/04/2014,1650,,
Hassan,15/04/2014,1300,,
Hassan,19/04/2014,1490,,
Hassan,21/04/2014,1607,,
Hassan,22/04/2014,1450,,
Hassan,23/04/2014,1600,,
Hassan,25/04/2014,1450,,
Hassan,26/04/2014,1400,,
Hassan,03/05/2014,1430,,
Hassan,05/05/2014,1360,,
Hassan,06/05/2014,1455,,
Hassan,07/05/2014,1380,,
Hassan,08/05/2014,1611,,
Hassan,09/05/2014,1430,,
Hassan,12/05/2014,1350,,
Hassan,13/05/2014,1390,,
Hassan,14/05/2014,1552,,
Hassan,15/05/2014,1350,,
Hassan,16/05/2014,1500,,
Hassan,17/05/2014,1290,,
Hassan,19/05/2014,1300,,
Hassan,20/05/2014,1390,,
Hassan,21/05/2014,1527,,
Hassan,22/05/2014,1537,,
Hassan,23/05/2014,1400,,
Hassan,24/05/2014,1390,,
Hassan,26/05/2014,1300,,
Hassan,27/05/2014,1290,,
Hassan,28/05/2014,1541,,
Hassan,31/05/2014,1470,,
Hassan,02/06/2014,1529,,
Hassan,04/06/2014,1350,,
Hassan,05/06/2014,1350,,
Hassan,09/06/2014,1400,,
Hassan,10/06/2014,1300,,
Hassan,12/06/2014,1460,,
Hassan,16/06/2014,1300,,
Hassan,17/06/2014,1400,,
Hassan,18/06/2014,1400,,
Hassan,19/06/2014,1400,,
Hassan,20/06/2014,1300,,
Hassan,23/06/2014,1300,,
Hassan,24/06/2014,1350,,
Hassan,26/06/2014,1466,,
Hassan,27/06/2014,2050,,
Hassan,28/06/2014,1300,,
Hassan,02/07/2014,1530,,
Hassan,03/07/2014,1450,,
Hassan,04/07/2014,1440,,
Hassan,07/07/2014,1320,,
Hassan,08/07/2014,1400,,
Hassan,10/07/2014,1500,,
Hassan,14/07/2014,1400,,
Hassan,15/07/2014,1445,,
Hassan,17/07/2014,1400,,
Hassan,18/07/2014,1380,,
Hassan,19/07/2014,1360,,
Hassan,23/07/2014,1460,,
Hassan,24/07/2014,1300,,
Hassan,25/07/2014,1360,,
Hassan,26/07/2014,1498,,
Hassan,28/07/2014,1400,,
Hassan,30/07/2014,1450,,
Hassan,31/07/2014,2000,,
Hassan,01/08/2014,1550,,
Hassan,02/08/2014,1490,,
Hassan,04/08/2014,1400,,
Hassan,05/08/2014,1300,,
Hassan,06/08/2014,1500,,
Hassan,07/08/2014,1400,,
Hassan,11/08/2014,1580,,
Hassan,12/08/2014,1500,,
Hassan,13/08/2014,1540,,
Hassan,14/08/2014,1380,,
Hassan,18/08/2014,1400,,
Hassan,20/08/2014,1553,,
Hassan,21/08/2014,1475,,
Hassan,22/08/2014,1460,,
Hassan,25/08/2014,1470,,
Hassan,26/08/2014,1520,,
Hassan,27/08/2014,1500,,
Hassan,01/09/2014,1500,,
Hassan,03/09/2014,1523,,
Hassan,04/09/2014,1400,,
Hassan,06/09/2014,1400,,
Hassan,08/09/2014,1430,,
Hassan,09/09/2014,1400,,
Hassan,10/09/2014,1400,,
Hassan,16/09/2014,1370,,
Hassan,17/09/2014,1410,,
Hassan,18/09/2014,1380,,
Hassan,19/09/2014,1400,,
Hassan,20/09/2014,1370,,
Hassan,22/09/2014,1380,,
Hassan,25/09/2014,1380,,
Hassan,26/09/2014,1615,,
Hassan,27/09/2014,1340,,
Hassan,30/09/2014,1474,,
Hassan,01/10/2014,1320,,
Hassan,09/10/2014,1430,,
Hassan,10/10/2014,1210,,
Hassan,13/10/2014,1350,,
Hassan,14/10/2014,1290,,
Hassan,15/10/2014,1400,,
Hassan,20/10/2014,1443,,
Hassan,21/10/2014,1300,,
Hassan,27/10/2014,1300,,
Hassan,28/10/2014,1200,,
Hassan,29/10/2014,1392,,
Hassan,31/10/2014,1395,,
Hassan,03/11/2014,1100,,
Hassan,05/11/2014,1200,,
Hassan,07/11/2014,1100,,
Hassan,10/11/2014,1100,,
Hassan,11/11/2014,1100,,
Hassan,13/11/2014,1120,,
Hassan,14/11/2014,1308,,
Hassan,15/11/2014,1200,,
Hassan,17/11/2014,1240,,
Hassan,18/11/2014,1200,,
Hassan,19/11/2014,1100,,
Hassan,11/02/2014,1300,,
Hassan,20/02/2014,1300,,
Hassan,04/03/2014,1300,,
Hassan,26/03/2014,1300,,
Hassan,29/04/2014,1400,,
Hassan,06/05/2014,1300,,
Hassan,11/05/2014,1300,,
Hassan,30/05/2014,1300,,
Hassan,20/06/2014,1400,,
Hassan,21/06/2014,1400,,
Hassan,22/06/2014,1300,,
Hassan,25/07/2014,1300,,
Hassan,31/07/2014,1300,,
Hassan,03/09/2014,1300,,
Hassan,04/09/2014,1300,,
Hassan,05/09/2014,1300,,
Hassan,16/09/2014,1500,,
Hassan,18/09/2014,1400,,
Hassan,25/09/2014,1500,,
Hassan,03/10/2014,1650,,
Hassan,10/10/2014,1400,,
Hassan,20/10/2014,1300,,
Hassan,30/10/2014,1350,,
Hassan,12/11/2014,1300,,
Hassan,15/11/2014,1100,,
Hassan,06/01/2014,1500,,
Hassan,19/01/2014,1400,,
Hassan,20/01/2014,1500,,
Hassan,26/01/2014,1400,,
Hassan,02/02/2014,1400,,
Hassan,03/02/2014,1500,,
Hassan,10/02/2014,1533,,
Hassan,16/02/2014,1500,,
Hassan,17/02/2014,1500,,
Hassan,23/02/2014,1400,,
Hassan,24/02/2014,1500,,
Hassan,03/03/2014,1500,,
Hassan,10/03/2014,1500,,
Hassan,17/03/2014,1500,,
Hassan,22/03/2014,1500,,
Hassan,23/03/2014,1520,,
Hassan,25/03/2014,1500,,
Hassan,30/03/2014,1500,,
Hassan,05/04/2014,1450,,
Hassan,12/04/2014,1800,,
Hassan,13/04/2014,1500,,
Hassan,19/04/2014,1400,,
Hassan,20/04/2014,1520,,
Hassan,26/04/2014,1500,,
Hassan,27/04/2014,1500,,
Hassan,03/05/2014,1300,,
Hassan,04/05/2014,1400,,
Hassan,11/05/2014,1500,,
Hassan,18/05/2014,1400,,
Hassan,24/05/2014,1750,,
Hassan,25/05/2014,1500,,
Hassan,31/05/2014,1300,,
Hassan,01/06/2014,1400,,
Hassan,08/06/2014,1500,,
Hassan,10/06/2014,1500,,
Hassan,14/06/2014,1300,,
Hassan,15/06/2014,1400,,
Hassan,21/06/2014,1300,,
Hassan,22/06/2014,1500,,
Hassan,29/06/2014,1500,,
Hassan,05/07/2014,1500,,
Hassan,12/07/2014,1400,,
Hassan,20/07/2014,1500,,
Hassan,22/07/2014,1500,,
Hassan,27/07/2014,1400,,
Hassan,20/09/2014,1300,,
Hassan,24/09/2014,1525,,
Hassan,10/10/2014,1600,,
Hassan,12/10/2014,1333,,
Hassan,18/10/2014,1200,,
Hassan,20/10/2014,1500,,
Hassan,28/10/2014,1500,,
Hassan,01/11/2014,1100,,
Hassan,08/11/2014,1100,,
Hassan,09/11/2014,1100,,
Hassan,12/11/2014,1500,,
Hassan,14/11/2014,1500,,
Hassan,17/11/2014,1400,,
Hassan,08/01/2014,1400,,
Hassan,09/01/2014,1400,,
Hassan,16/01/2014,1400,,
Hassan,22/01/2014,1450,,
Hassan,23/01/2014,1800,,
Hassan,29/01/2014,1300,,
Hassan,31/01/2014,1625,,
Hassan,03/02/2014,1431,,
Hassan,05/02/2014,1430,,
Hassan,10/02/2014,1480,,
Hassan,12/02/2014,1500,,
Hassan,17/02/2014,1525,,
Hassan,19/02/2014,2000,,
Hassan,22/02/2014,1950,,
Hassan,24/02/2014,1950,,
Hassan,25/02/2014,1390,,
Hassan,01/03/2014,1620,,
Hassan,03/03/2014,2000,,
Hassan,05/03/2014,2026,,
Hassan,10/03/2014,2020,,
Hassan,12/03/2014,2025,,
Hassan,19/03/2014,1300,,
Hassan,27/03/2014,1750,,
Hassan,02/04/2014,1760,,
Hassan,09/04/2014,1600,,
Hassan,15/04/2014,1580,,
Hassan,16/04/2014,1540,,
Hassan,19/04/2014,1700,,
Hassan,23/04/2014,1300,,
Hassan,26/04/2014,1670,,
Hassan,29/04/2014,1480,,
Hassan,30/04/2014,1300,,
Hassan,05/05/2014,1650,,
Hassan,07/05/2014,1300,,
Hassan,12/05/2014,1425,,
Hassan,15/05/2014,1620,,
Hassan,16/05/2014,1297,,
Hassan,19/05/2014,1420,,
Hassan,24/05/2014,1420,,
Hassan,28/05/2014,1410,,
Hassan,29/05/2014,1410,,
Hassan,02/06/2014,1400,,
Hassan,04/06/2014,1580,,
Hassan,05/06/2014,1250,,
Hassan,11/06/2014,1500,,
Hassan,12/06/2014,1555,,
Hassan,17/06/2014,1555,,
Hassan,25/06/2014,1300,,
Hassan,27/06/2014,1420,,
Hassan,30/06/2014,1600,,
Hassan,02/07/2014,1300,,
Hassan,09/07/2014,1650,,
Hassan,11/07/2014,1650,,
Hassan,15/07/2014,1640,,
Hassan,16/07/2014,1300,,
Hassan,23/07/2014,1300,,
Hassan,25/07/2014,1742,,
Hassan,30/07/2014,1300,,
Hassan,05/08/2014,1743,,
Hassan,06/08/2014,1300,,
Hassan,13/08/2014,1300,,
Hassan,21/08/2014,1670,,
Hassan,26/08/2014,1450,,
Hassan,27/08/2014,1300,,
Hassan,08/03/2014,1400,,
Hassan,29/03/2014,1570,,
Hassan,04/04/2014,1400,,
Hassan,15/06/2014,1660,,
Hassan,04/09/2014,1300,,
Hassan,04/01/2014,1056,,
Hassan,04/01/2014,1056,,
Hassan,05/01/2014,1500,,
Hassan,05/01/2014,1500,,
Hassan,08/01/2014,1800,,
Hassan,09/01/2014,1600,,
Hassan,17/01/2014,1600,,
Hassan,23/01/2014,1500,,
Hassan,25/01/2014,1200,,
Hassan,30/01/2014,1500,,
Hassan,31/01/2014,1600,,
Hassan,06/02/2014,1500,,
Hassan,08/02/2014,1500,,
Hassan,11/02/2014,1600,,
Hassan,13/02/2014,1400,,
Hassan,14/02/2014,1400,,
Hassan,15/02/2014,1400,,
Hassan,20/02/2014,1600,,
Hassan,27/02/2014,1300,,
Hassan,05/03/2014,1600,,
Hassan,06/03/2014,1500,,
Hassan,14/03/2014,1400,,
Hassan,15/03/2014,1650,,
Hassan,20/03/2014,1590,,
Hassan,22/03/2014,1400,,
Hassan,28/03/2014,1800,,
Hassan,17/04/2014,1500,,
Hassan,27/04/2014,1400,,
Hassan,30/04/2014,1400,,
Hassan,08/05/2014,1400,,
Hassan,13/05/2014,1600,,
Hassan,14/05/2014,1500,,
Hassan,16/05/2014,1400,,
Hassan,22/05/2014,1400,,
Hassan,28/05/2014,1350,,
Hassan,29/05/2014,1430,,
Hassan,30/05/2014,1400,,
Hassan,12/06/2014,1300,,
Hassan,17/06/2014,1400,,
Hassan,19/06/2014,1300,,
Hassan,02/07/2014,1400,,
Hassan,06/07/2014,1370,,
Hassan,10/07/2014,1300,,
Hassan,11/07/2014,1667,,
Hassan,18/07/2014,1100,,
Hassan,19/07/2014,1400,,
Hassan,22/07/2014,1400,,
Hassan,25/07/2014,1400,,
Hassan,26/07/2014,1300,,
Hassan,01/08/2014,1600,,
Hassan,02/08/2014,1949,,
Hassan,08/08/2014,1500,,
Hassan,09/08/2014,1100,,
Hassan,12/08/2014,1300,,
Hassan,18/08/2014,1740,,
Hassan,19/08/2014,1378,,
Hassan,20/08/2014,1600,,
Hassan,21/08/2014,1300,,
Hassan,24/08/2014,1100,,
Hassan,28/08/2014,1300,,
Hassan,04/09/2014,1100,,
Hassan,06/09/2014,1550,,
Hassan,07/09/2014,1473,,
Hassan,12/09/2014,1300,,
Hassan,16/09/2014,1300,,
Hassan,17/09/2014,1780,,
Hassan,18/09/2014,1500,,
Hassan,19/09/2014,1780,,
Hassan,20/09/2014,1400,,
Hassan,23/09/2014,1780,,
Hassan,30/09/2014,1200,,
Hassan,03/10/2014,1400,,
Hassan,08/10/2014,1300,,
Hassan,10/10/2014,1300,,
Hassan,14/10/2014,1400,,
Hassan,16/10/2014,1300,,
Hassan,17/10/2014,1300,,
Hassan,24/10/2014,1300,,
Hassan,30/10/2014,1200,,
Hassan,31/10/2014,1380,,
Hassan,01/11/2014,1728,,
Hassan,02/11/2014,1603,,
Hassan,10/11/2014,1200,,
Hassan,13/11/2014,1650,,
Hassan,20/11/2014,1200,,
Haveri,07/01/2014,1400,,
Haveri,18/01/2014,1300,,
Haveri,27/01/2014,1200,,
Haveri,30/01/2014,1200,,
Haveri,12/02/2014,1200,,
Haveri,21/02/2014,1200,,
Haveri,22/02/2014,1510,,
Haveri,28/02/2014,1200,,
Haveri,10/03/2014,1200,,
Haveri,24/03/2014,1250,,
Haveri,28/03/2014,1100,,
Haveri,16/04/2014,1100,,
Haveri,19/04/2014,1000,,
Haveri,23/04/2014,1200,,
Haveri,12/05/2014,1200,,
Haveri,21/05/2014,1100,,
Haveri,28/05/2014,1200,,
Haveri,11/06/2014,1100,,
Haveri,16/06/2014,1200,,
Haveri,30/06/2014,1300,,
Haveri,10/09/2014,1300,,
Haveri,24/10/2014,1800,,
Haveri,31/10/2014,1800,,
Haveri,26/03/2014,2400,,
Kolar,04/08/2014,1500,,
Kolar,06/01/2014,1550,,
Kolar,06/01/2014,1550,,
Kolar,13/01/2014,1600,,
Kolar,14/01/2014,1600,,
Kolar,20/01/2014,1600,,
Kolar,27/01/2014,1500,,
Kolar,28/01/2014,1500,,
Kolar,03/02/2014,1500,,
Kolar,04/02/2014,1500,,
Kolar,10/02/2014,1500,,
Kolar,14/02/2014,1500,,
Kolar,16/02/2014,1600,,
Kolar,17/02/2014,1600,,
Kolar,23/02/2014,1550,,
Kolar,24/02/2014,1550,,
Kolar,03/03/2014,1600,,
Kolar,04/03/2014,1600,,
Kolar,06/03/2014,1600,,
Kolar,17/03/2014,1600,,
Kolar,18/03/2014,1700,,
Kolar,24/03/2014,1650,,
Kolar,27/03/2014,1600,,
Kolar,30/03/2014,1700,,
Kolar,31/03/2014,1700,,
Kolar,05/04/2014,1600,,
Kolar,07/04/2014,1600,,
Kolar,08/04/2014,1600,,
Kolar,14/04/2014,1600,,
Kolar,21/04/2014,1650,,
Kolar,28/04/2014,1600,,
Kolar,05/05/2014,1600,,
Kolar,12/05/2014,1600,,
Kolar,19/05/2014,1500,,
Kolar,26/05/2014,1450,,
Kolar,02/06/2014,1500,,
Kolar,16/06/2014,1550,,
Kolar,23/06/2014,1450,,
Kolar,30/06/2014,1500,,
Kolar,07/07/2014,1450,,
Kolar,11/07/2014,1500,,
Kolar,14/07/2014,1500,,
Kolar,15/07/2014,1500,,
Kolar,17/07/2014,1500,,
Kolar,21/07/2014,1600,,
Kolar,28/07/2014,1600,,
Kolar,04/08/2014,1600,,
Kolar,11/08/2014,1700,,
Kolar,25/08/2014,1600,,
Kolar,01/09/2014,1700,,
Kolar,08/09/2014,1600,,
Kolar,15/09/2014,1650,,
Kolar,22/09/2014,1700,,
Kolar,25/09/2014,1600,,
Kolar,29/09/2014,1600,,
Kolar,13/10/2014,1650,,
Kolar,20/10/2014,1600,,
Kolar,27/10/2014,1650,,
Kolar,03/11/2014,1300,,
Kolar,07/11/2014,1400,,
Kolar,10/11/2014,1350,,
Kolar,17/11/2014,1400,,
Kolar,06/11/2014,1350,,
Kolar,27/01/2014,1500,,
Kolar,20/02/2014,1680,,
Kolar,27/03/2014,1650,,
Kolar,20/05/2014,1800,,
Kolar,06/06/2014,1400,,
Kolar,13/08/2014,1600,,
Kolar,26/08/2014,1500,,
Kolar,11/09/2014,1600,,
Kolar,24/09/2014,1450,,
Kolar,25/09/2014,1450,,
Kolar,30/10/2014,1600,,
Kolar,24/02/2014,2000,,
Kolar,17/03/2014,1800,,
Kolar,24/06/2014,2000,,
Madikeri(Kodagu),24/03/2014,1250,,
Mandya,24/06/2014,1400,,
Mandya,25/06/2014,1400,,
Mandya,26/06/2014,1400,,
Mandya,27/06/2014,1400,,
Mandya,30/06/2014,1600,,
Mandya,02/07/2014,1200,,
Mandya,03/07/2014,1400,,
Mandya,04/07/2014,1680,,
Mandya,08/07/2014,1400,,
Mandya,09/07/2014,1450,,
Mandya,10/07/2014,1400,,
Mandya,12/07/2014,1300,,
Mandya,14/07/2014,1400,,
Mandya,01/08/2014,1400,,
Mandya,04/08/2014,1500,,
Mandya,16/08/2014,1500,,
Mandya,31/08/2014,1400,,
Mandya,10/10/2014,1400,,
Mandya,17/10/2014,1400,,
Mandya,10/11/2014,1200,,
Mandya,19/06/2014,1400,,
Mandya,07/08/2014,1800,,
Mandya,01/01/2014,1600,,
Mandya,08/01/2014,1600,,
Mandya,16/01/2014,1600,,
Mandya,19/01/2014,1700,,
Mandya,21/01/2014,1700,,
Mandya,22/01/2014,1600,,
Mandya,23/01/2014,1650,,
Mandya,28/01/2014,1600,,
Mandya,01/02/2014,1700,,
Mandya,05/02/2014,1600,,
Mandya,12/02/2014,1600,,
Mandya,19/02/2014,1500,,
Mandya,24/02/2014,1500,,
Mandya,26/02/2014,1700,,
Mandya,03/03/2014,1465,,
Mandya,05/03/2014,1700,,
Mandya,12/03/2014,1700,,
Mandya,15/03/2014,1500,,
Mandya,16/03/2014,1700,,
Mandya,19/03/2014,1500,,
Mandya,25/03/2014,1950,,
Mandya,26/03/2014,1600,,
Mandya,02/04/2014,1600,,
Mandya,04/04/2014,1950,,
Mandya,09/04/2014,1500,,
Mandya,10/04/2014,1950,,
Mandya,16/04/2014,1600,,
Mandya,22/04/2014,1600,,
Mandya,28/04/2014,1600,,
Mandya,05/05/2014,1600,,
Mandya,07/05/2014,1500,,
Mandya,14/05/2014,1400,,
Mandya,21/05/2014,1450,,
Mandya,28/05/2014,1500,,
Mandya,03/06/2014,1600,,
Mandya,04/06/2014,1500,,
Mandya,05/06/2014,1350,,
Mandya,06/06/2014,1600,,
Mandya,11/06/2014,1400,,
Mandya,12/06/2014,1350,,
Mandya,13/06/2014,1600,,
Mandya,18/06/2014,1400,,
Mandya,25/06/2014,1400,,
Mandya,27/06/2014,1350,,
Mandya,02/07/2014,1400,,
Mandya,07/07/2014,1500,,
Mandya,08/07/2014,1500,,
Mandya,09/07/2014,1400,,
Mandya,10/07/2014,1600,,
Mandya,16/07/2014,1600,,
Mandya,20/07/2014,1400,,
Mandya,23/07/2014,1600,,
Mandya,28/07/2014,1550,,
Mandya,30/07/2014,1600,,
Mandya,01/08/2014,1550,,
Mandya,03/08/2014,1550,,
Mandya,06/08/2014,1600,,
Mandya,09/08/2014,1550,,
Mandya,13/08/2014,1600,,
Mandya,14/08/2014,1800,,
Mandya,20/08/2014,1600,,
Mandya,22/08/2014,1880,,
Mandya,27/08/2014,1700,,
Mandya,03/09/2014,1500,,
Mandya,08/09/2014,1940,,
Mandya,10/09/2014,1600,,
Mandya,17/09/2014,1600,,
Mandya,19/09/2014,2020,,
Mandya,25/09/2014,1500,,
Mandya,26/09/2014,1500,,
Mandya,06/10/2014,1900,,
Mandya,09/10/2014,1500,,
Mandya,15/10/2014,1500,,
Mandya,18/10/2014,1770,,
Mandya,22/10/2014,1650,,
Mandya,23/10/2014,1500,,
Mandya,29/10/2014,1500,,
Mandya,30/10/2014,1400,,
Mandya,05/11/2014,1500,,
Mandya,11/11/2014,1850,,
Mandya,12/11/2014,1200,,
Mandya,13/11/2014,1430,,
Mandya,17/11/2014,1380,,
Mandya,18/11/2014,1750,,
Mandya,19/11/2014,1300,,
Mysore,09/09/2014,1300,,
Mysore,14/09/2014,1500,,
Mysore,20/09/2014,1250,,
Mysore,30/09/2014,1500,,
Mysore,15/10/2014,1400,,
Mysore,02/01/2014,1400,,
Mysore,04/01/2014,1400,,
Mysore,06/01/2014,1500,,
Mysore,07/01/2014,1400,,
Mysore,18/01/2014,1425,,
Mysore,20/01/2014,1400,,
Mysore,25/01/2014,1925,,
Mysore,31/01/2014,1200,,
Mysore,05/02/2014,1500,,
Mysore,07/02/2014,1500,,
Mysore,09/02/2014,1500,,
Mysore,25/03/2014,1400,,
Mysore,18/07/2014,1350,,
Mysore,22/08/2014,1400,,
Mysore,29/08/2014,1400,,
Mysore,10/03/2014,1300,,
Mysore,17/03/2014,1500,,
Mysore,21/03/2014,1720,,
Mysore,11/06/2014,1300,,
Mysore,28/07/2014,1400,,
Mysore,31/07/2014,1328,,
Mysore,12/09/2014,2500,,
Mysore,03/01/2014,1565,,
Mysore,03/01/2014,1565,,
Mysore,04/01/2014,1530,,
Mysore,06/01/2014,1492,,
Mysore,07/01/2014,1472,,
Mysore,08/01/2014,1484,,
Mysore,09/01/2014,1492,,
Mysore,13/01/2014,1442,,
Mysore,16/01/2014,1424,,
Mysore,18/01/2014,1479,,
Mysore,20/01/2014,1407,,
Mysore,21/01/2014,1469,,
Mysore,22/01/2014,1423,,
Mysore,23/01/2014,1478,,
Mysore,24/01/2014,1487,,
Mysore,27/01/2014,1501,,
Mysore,28/01/2014,1497,,
Mysore,29/01/2014,1515,,
Mysore,30/01/2014,1445,,
Mysore,31/01/2014,1460,,
Mysore,01/02/2014,1539,,
Mysore,03/02/2014,1374,,
Mysore,04/02/2014,1457,,
Mysore,05/02/2014,1429,,
Mysore,06/02/2014,1530,,
Mysore,10/02/2014,1449,,
Mysore,11/02/2014,1403,,
Mysore,12/02/2014,1440,,
Mysore,13/02/2014,1473,,
Mysore,14/02/2014,1529,,
Mysore,15/02/2014,1473,,
Mysore,17/02/2014,1580,,
Mysore,19/02/2014,1682,,
Mysore,20/02/2014,1474,,
Mysore,21/02/2014,1460,,
Mysore,22/02/2014,1554,,
Mysore,24/02/2014,1607,,
Mysore,25/02/2014,1455,,
Mysore,26/02/2014,1455,,
Mysore,01/03/2014,1494,,
Mysore,04/03/2014,1517,,
Mysore,06/03/2014,1599,,
Mysore,07/03/2014,1597,,
Mysore,10/03/2014,1575,,
Mysore,11/03/2014,1466,,
Mysore,14/03/2014,1497,,
Mysore,15/03/2014,1472,,
Mysore,17/03/2014,1503,,
Mysore,18/03/2014,1496,,
Mysore,19/03/2014,1542,,
Mysore,20/03/2014,1460,,
Mysore,21/03/2014,1429,,
Mysore,24/03/2014,1443,,
Mysore,25/03/2014,1537,,
Mysore,26/03/2014,1540,,
Mysore,28/03/2014,1360,,
Mysore,02/04/2014,1496,,
Mysore,03/04/2014,1444,,
Mysore,04/04/2014,1554,,
Mysore,05/04/2014,1483,,
Mysore,07/04/2014,1446,,
Mysore,08/04/2014,1571,,
Mysore,09/04/2014,1540,,
Mysore,10/04/2014,1482,,
Mysore,11/04/2014,1511,,
Mysore,15/04/2014,1399,,
Mysore,16/04/2014,1426,,
Mysore,19/04/2014,1446,,
Mysore,21/04/2014,1437,,
Mysore,22/04/2014,1365,,
Mysore,23/04/2014,1431,,
Mysore,24/04/2014,1362,,
Mysore,25/04/2014,1509,,
Mysore,26/04/2014,1260,,
Mysore,28/04/2014,1415,,
Mysore,29/04/2014,1456,,
Mysore,03/05/2014,1422,,
Mysore,05/05/2014,1375,,
Mysore,06/05/2014,1450,,
Mysore,07/05/2014,1330,,
Mysore,08/05/2014,1380,,
Mysore,09/05/2014,1520,,
Mysore,12/05/2014,1365,,
Mysore,13/05/2014,1274,,
Mysore,14/05/2014,1244,,
Mysore,15/05/2014,1413,,
Mysore,17/05/2014,1344,,
Mysore,19/05/2014,1418,,
Mysore,21/05/2014,1338,,
Mysore,22/05/2014,1292,,
Mysore,23/05/2014,1360,,
Mysore,24/05/2014,1090,,
Mysore,26/05/2014,1436,,
Mysore,28/05/2014,1391,,
Mysore,29/05/2014,1199,,
Mysore,31/05/2014,1187,,
Mysore,02/06/2014,1264,,
Mysore,03/06/2014,1227,,
Mysore,04/06/2014,1097,,
Mysore,05/06/2014,1248,,
Mysore,06/06/2014,1351,,
Mysore,09/06/2014,1293,,
Mysore,11/06/2014,1436,,
Mysore,12/06/2014,1377,,
Mysore,13/06/2014,1201,,
Mysore,16/06/2014,1368,,
Mysore,17/06/2014,1293,,
Mysore,18/06/2014,1287,,
Mysore,19/06/2014,1332,,
Mysore,21/06/2014,1331,,
Mysore,23/06/2014,1411,,
Mysore,24/06/2014,1444,,
Mysore,25/06/2014,1308,,
Mysore,26/06/2014,1350,,
Mysore,27/06/2014,1420,,
Mysore,28/06/2014,1400,,
Mysore,30/06/2014,1391,,
Mysore,02/07/2014,1282,,
Mysore,04/07/2014,1339,,
Mysore,05/07/2014,1352,,
Mysore,07/07/2014,1446,,
Mysore,08/07/2014,1424,,
Mysore,09/07/2014,1288,,
Mysore,10/07/2014,1382,,
Mysore,14/07/2014,1454,,
Mysore,17/07/2014,1439,,
Mysore,18/07/2014,1449,,
Mysore,19/07/2014,1452,,
Mysore,21/07/2014,1453,,
Mysore,22/07/2014,1448,,
Mysore,23/07/2014,1472,,
Mysore,24/07/2014,1448,,
Mysore,25/07/2014,1470,,
Mysore,26/07/2014,1443,,
Mysore,28/07/2014,1459,,
Mysore,30/07/2014,1469,,
Mysore,31/07/2014,1419,,
Mysore,02/08/2014,1445,,
Mysore,04/08/2014,1428,,
Mysore,05/08/2014,1434,,
Mysore,06/08/2014,1466,,
Mysore,07/08/2014,1470,,
Mysore,09/08/2014,1469,,
Mysore,11/08/2014,1472,,
Mysore,12/08/2014,1503,,
Mysore,13/08/2014,1431,,
Mysore,14/08/2014,1404,,
Mysore,16/08/2014,1462,,
Mysore,18/08/2014,1436,,
Mysore,19/08/2014,1445,,
Mysore,20/08/2014,1401,,
Mysore,21/08/2014,1393,,
Mysore,22/08/2014,1437,,
Mysore,25/08/2014,1550,,
Mysore,26/08/2014,1407,,
Mysore,27/08/2014,1482,,
Mysore,01/09/2014,1424,,
Mysore,03/09/2014,1441,,
Mysore,04/09/2014,1453,,
Mysore,05/09/2014,1496,,
Mysore,06/09/2014,1415,,
Mysore,08/09/2014,1435,,
Mysore,09/09/2014,1415,,
Mysore,10/09/2014,1398,,
Mysore,11/09/2014,1430,,
Mysore,12/09/2014,1407,,
Mysore,15/09/2014,1394,,
Mysore,16/09/2014,1370,,
Mysore,17/09/2014,1389,,
Mysore,18/09/2014,1408,,
Mysore,19/09/2014,1445,,
Mysore,20/09/2014,1412,,
Mysore,22/09/2014,1310,,
Mysore,23/09/2014,1480,,
Mysore,25/09/2014,1480,,
Mysore,26/09/2014,1416,,
Mysore,27/09/2014,1373,,
Mysore,29/09/2014,1394,,
Mysore,30/09/2014,1387,,
Mysore,07/10/2014,1390,,
Mysore,10/10/2014,1369,,
Mysore,13/10/2014,1277,,
Mysore,14/10/2014,1263,,
Mysore,15/10/2014,1284,,
Mysore,16/10/2014,1323,,
Mysore,17/10/2014,1307,,
Mysore,18/10/2014,1317,,
Mysore,20/10/2014,1310,,
Mysore,21/10/2014,1340,,
Mysore,25/10/2014,1335,,
Mysore,27/10/2014,1221,,
Mysore,28/10/2014,1263,,
Mysore,29/10/2014,1265,,
Mysore,30/10/2014,1227,,
Mysore,31/10/2014,1296,,
Mysore,03/11/2014,1221,,
Mysore,05/11/2014,1260,,
Mysore,06/11/2014,1247,,
Mysore,07/11/2014,1233,,
Mysore,10/11/2014,1220,,
Mysore,11/11/2014,1184,,
Mysore,12/11/2014,1198,,
Mysore,13/11/2014,1232,,
Mysore,14/11/2014,1294,,
Mysore,15/11/2014,1275,,
Mysore,17/11/2014,1207,,
Mysore,19/11/2014,1191,,
Mysore,20/11/2014,1192,,
Mysore,17/07/2014,1100,,
Mysore,03/01/2014,1500,,
Mysore,06/01/2014,1500,,
Mysore,06/01/2014,1500,,
Mysore,08/01/2014,1500,,
Mysore,13/01/2014,1500,,
Mysore,16/01/2014,1500,,
Mysore,17/01/2014,1500,,
Mysore,18/01/2014,1261,,
Mysore,20/01/2014,1500,,
Mysore,21/01/2014,1300,,
Mysore,22/01/2014,1400,,
Mysore,23/01/2014,1374,,
Mysore,24/01/2014,1350,,
Mysore,27/01/2014,1350,,
Mysore,28/01/2014,1500,,
Mysore,29/01/2014,1500,,
Mysore,31/01/2014,1180,,
Mysore,01/02/2014,1400,,
Mysore,03/02/2014,1400,,
Mysore,04/02/2014,1425,,
Mysore,05/02/2014,1400,,
Mysore,06/02/2014,1336,,
Mysore,07/02/2014,1500,,
Mysore,10/02/2014,1469,,
Mysore,11/02/2014,1350,,
Mysore,12/02/2014,1400,,
Mysore,13/02/2014,1307,,
Mysore,15/02/2014,1400,,
Mysore,18/02/2014,1400,,
Mysore,20/02/2014,1380,,
Mysore,21/02/2014,1407,,
Mysore,22/02/2014,1400,,
Mysore,24/02/2014,1450,,
Mysore,25/02/2014,1400,,
Mysore,26/02/2014,1400,,
Mysore,28/02/2014,1400,,
Mysore,03/03/2014,1418,,
Mysore,05/03/2014,1500,,
Mysore,06/03/2014,1523,,
Mysore,07/03/2014,1500,,
Mysore,10/03/2014,1475,,
Mysore,12/03/2014,1050,,
Mysore,14/03/2014,1423,,
Mysore,15/03/2014,1800,,
Mysore,17/03/2014,1400,,
Mysore,18/03/2014,1400,,
Mysore,19/03/2014,1400,,
Mysore,20/03/2014,1650,,
Mysore,21/03/2014,1475,,
Mysore,24/03/2014,1400,,
Mysore,26/03/2014,1500,,
Mysore,27/03/2014,1480,,
Mysore,28/03/2014,1500,,
Mysore,29/03/2014,1500,,
Mysore,01/04/2014,1448,,
Mysore,02/04/2014,1448,,
Mysore,07/04/2014,1454,,
Mysore,08/04/2014,1450,,
Mysore,10/04/2014,1500,,
Mysore,15/04/2014,1454,,
Mysore,12/05/2014,1500,,
Mysore,13/05/2014,1430,,
Mysore,15/05/2014,1400,,
Mysore,21/05/2014,1500,,
Mysore,22/05/2014,1460,,
Mysore,23/05/2014,1500,,
Mysore,29/05/2014,1375,,
Mysore,02/06/2014,1500,,
Mysore,04/06/2014,1370,,
Mysore,06/06/2014,1413,,
Mysore,09/06/2014,1500,,
Mysore,12/06/2014,1420,,
Mysore,16/06/2014,1400,,
Mysore,19/06/2014,1430,,
Mysore,26/06/2014,1430,,
Mysore,30/06/2014,1400,,
Mysore,01/07/2014,1400,,
Mysore,04/07/2014,1300,,
Mysore,07/07/2014,1400,,
Mysore,09/07/2014,1500,,
Mysore,10/07/2014,1395,,
Mysore,18/07/2014,1400,,
Mysore,21/07/2014,1400,,
Mysore,24/07/2014,1500,,
Mysore,26/07/2014,1400,,
Mysore,31/07/2014,1529,,
Mysore,04/08/2014,1500,,
Mysore,07/08/2014,1500,,
Mysore,14/08/2014,1500,,
Mysore,18/08/2014,1400,,
Mysore,21/08/2014,1455,,
Mysore,25/08/2014,1500,,
Mysore,28/08/2014,1480,,
Mysore,02/09/2014,1450,,
Mysore,04/09/2014,1230,,
Mysore,08/09/2014,1500,,
Mysore,10/09/2014,1450,,
Mysore,15/09/2014,1500,,
Mysore,20/09/2014,1500,,
Mysore,22/09/2014,1400,,
Mysore,29/09/2014,1500,,
Mysore,07/10/2014,1400,,
Mysore,16/10/2014,1404,,
Mysore,20/10/2014,1500,,
Mysore,23/10/2014,1350,,
Mysore,06/11/2014,1250,,
Mysore,10/02/2014,1300,,
Mysore,14/07/2014,1450,,
Mysore,21/08/2014,1500,,
Mysore,02/09/2014,1300,,
Shimoga,13/01/2014,2100,,
Shimoga,24/02/2014,1400,,
Shimoga,03/03/2014,1400,,
Shimoga,19/03/2014,1500,,
Shimoga,08/05/2014,1500,,
Shimoga,23/05/2014,1300,,
Shimoga,10/07/2014,1600,,
Shimoga,07/08/2014,2000,,
Shimoga,08/08/2014,1400,,
Shimoga,14/08/2014,2000,,
Shimoga,28/08/2014,1400,,
Shimoga,09/09/2014,1500,,
Shimoga,15/10/2014,1400,,
Shimoga,03/01/2014,1400,,
Shimoga,17/01/2014,1550,,
Shimoga,20/01/2014,2000,,
Shimoga,24/01/2014,2000,,
Shimoga,30/01/2014,2100,,
Shimoga,07/02/2014,2100,,
Shimoga,21/02/2014,2100,,
Shimoga,28/02/2014,2100,,
Shimoga,11/03/2014,2100,,
Shimoga,14/03/2014,2100,,
Shimoga,21/03/2014,2100,,
Shimoga,04/04/2014,2100,,
Shimoga,07/04/2014,1850,,
Shimoga,11/04/2014,1850,,
Shimoga,19/04/2014,1900,,
Shimoga,21/04/2014,1850,,
Shimoga,24/04/2014,1850,,
Shimoga,25/04/2014,1850,,
Shimoga,28/04/2014,2100,,
Shimoga,29/04/2014,2100,,
Shimoga,03/05/2014,2100,,
Shimoga,17/05/2014,1950,,
Shimoga,22/05/2014,2100,,
Shimoga,31/05/2014,2150,,
Shimoga,13/06/2014,2150,,
Shimoga,16/06/2014,2000,,
Shimoga,20/06/2014,2000,,
Shimoga,21/06/2014,1900,,
Shimoga,28/06/2014,1950,,
Shimoga,01/07/2014,1950,,
Shimoga,02/07/2014,2050,,
Shimoga,04/07/2014,2050,,
Shimoga,11/07/2014,2050,,
Shimoga,16/07/2014,2100,,
Shimoga,18/07/2014,2100,,
Shimoga,19/07/2014,2050,,
Shimoga,21/07/2014,2050,,
Shimoga,22/07/2014,2050,,
Shimoga,31/07/2014,2050,,
Shimoga,04/08/2014,2050,,
Shimoga,14/08/2014,2050,,
Shimoga,22/08/2014,2050,,
Shimoga,26/08/2014,2050,,
Shimoga,28/08/2014,2050,,
Shimoga,09/09/2014,1900,,
Shimoga,10/09/2014,1975,,
Shimoga,15/09/2014,1900,,
Shimoga,26/09/2014,1400,,
Tumkur,06/01/2014,1500,,
Tumkur,06/01/2014,1500,,
Tumkur,13/01/2014,1500,,
Tumkur,27/01/2014,1500,,
Tumkur,29/01/2014,1327,,
Tumkur,03/02/2014,1360,,
Tumkur,05/02/2014,1360,,
Tumkur,10/02/2014,1500,,
Tumkur,11/02/2014,1300,,
Tumkur,15/02/2014,1500,,
Tumkur,17/02/2014,1500,,
Tumkur,19/02/2014,1450,,
Tumkur,20/02/2014,1440,,
Tumkur,24/02/2014,1500,,
Tumkur,03/03/2014,1500,,
Tumkur,17/03/2014,1500,,
Tumkur,31/03/2014,1500,,
Tumkur,07/04/2014,1400,,
Tumkur,14/04/2014,1500,,
Tumkur,21/04/2014,1500,,
Tumkur,28/04/2014,1500,,
Tumkur,29/04/2014,1400,,
Tumkur,05/05/2014,1400,,
Tumkur,12/05/2014,1500,,
Tumkur,19/05/2014,1500,,
Tumkur,20/05/2014,1400,,
Tumkur,26/05/2014,1400,,
Tumkur,29/05/2014,1410,,
Tumkur,02/06/2014,1400,,
Tumkur,09/06/2014,1500,,
Tumkur,16/06/2014,1400,,
Tumkur,17/06/2014,1500,,
Tumkur,23/06/2014,1500,,
Tumkur,05/07/2014,1300,,
Tumkur,07/07/2014,1500,,
Tumkur,14/07/2014,1500,,
Tumkur,16/07/2014,1500,,
Tumkur,18/07/2014,1490,,
Tumkur,21/07/2014,1600,,
Tumkur,23/07/2014,1490,,
Tumkur,26/07/2014,1500,,
Tumkur,28/07/2014,1500,,
Tumkur,04/08/2014,1600,,
Tumkur,05/08/2014,1650,,
Tumkur,07/08/2014,1400,,
Tumkur,11/08/2014,1700,,
Tumkur,18/08/2014,1900,,
Tumkur,20/08/2014,1500,,
Tumkur,25/08/2014,1700,,
Tumkur,27/08/2014,1475,,
Tumkur,01/09/2014,1600,,
Tumkur,04/09/2014,1200,,
Tumkur,08/09/2014,1650,,
Tumkur,12/09/2014,1600,,
Tumkur,15/09/2014,1600,,
Tumkur,17/09/2014,1425,,
Tumkur,22/09/2014,1650,,
Tumkur,29/09/2014,1600,,
Tumkur,10/10/2014,1600,,
Tumkur,14/10/2014,1345,,
Tumkur,15/10/2014,1300,,
Tumkur,21/10/2014,1600,,
Tumkur,27/10/2014,1400,,
Tumkur,29/10/2014,1600,,
Tumkur,03/11/2014,1400,,
Tumkur,06/11/2014,1550,,
Tumkur,10/11/2014,1550,,
Tumkur,11/11/2014,1600,,
Tumkur,17/11/2014,1600,,
Tumkur,19/11/2014,1160,,
Tumkur,20/11/2014,1160,,
Tumkur,08/01/2014,1213,,
Tumkur,21/01/2014,1650,,
Tumkur,28/01/2014,1400,,
Tumkur,29/01/2014,1400,,
Tumkur,19/02/2014,1400,,
Tumkur,01/03/2014,1450,,
Tumkur,03/03/2014,1450,,
Tumkur,06/03/2014,1400,,
Tumkur,10/03/2014,1400,,
Tumkur,14/03/2014,1300,,
Tumkur,15/03/2014,1300,,
Tumkur,11/04/2014,1455,,
Tumkur,16/04/2014,1350,,
Tumkur,03/05/2014,1500,,
Tumkur,17/05/2014,1500,,
Tumkur,19/05/2014,1500,,
Tumkur,20/05/2014,1500,,
Tumkur,21/05/2014,1300,,
Tumkur,04/06/2014,1500,,
Tumkur,11/06/2014,1550,,
Tumkur,18/06/2014,1300,,
Tumkur,25/06/2014,1500,,
Tumkur,28/06/2014,1550,,
Tumkur,02/07/2014,1450,,
Tumkur,09/07/2014,1300,,
Tumkur,18/07/2014,1500,,
Tumkur,06/08/2014,1550,,
Tumkur,11/08/2014,1480,,
Tumkur,25/08/2014,1422,,
Tumkur,02/09/2014,1550,,
Tumkur,11/09/2014,1650,,
Tumkur,12/09/2014,1650,,
Tumkur,16/09/2014,1600,,
Tumkur,17/09/2014,1600,,
Tumkur,22/09/2014,1500,,
Tumkur,25/09/2014,1600,,
Tumkur,06/10/2014,1500,,
Tumkur,07/10/2014,1500,,
Tumkur,10/10/2014,1380,,
Tumkur,15/10/2014,1500,,
Tumkur,23/10/2014,1500,,
Tumkur,25/10/2014,1200,,
Tumkur,30/10/2014,1150,,
Tumkur,03/11/2014,1150,,
Tumkur,05/11/2014,1150,,
Tumkur,06/11/2014,1300,,
Tumkur,07/11/2014,1300,,
Tumkur,10/11/2014,1100,,
Tumkur,13/11/2014,1000,,
Tumkur,03/01/2014,1500,,
Tumkur,07/01/2014,1500,,
Tumkur,20/02/2014,1500,,
Tumkur,05/03/2014,1600,,
Tumkur,07/03/2014,1500,,
Tumkur,11/03/2014,1500,,
Tumkur,26/03/2014,1650,,
Tumkur,05/04/2014,1500,,
Tumkur,12/04/2014,1500,,
Tumkur,09/06/2014,1500,,
Tumkur,11/06/2014,1500,,
Tumkur,02/07/2014,1450,,
Tumkur,20/08/2014,1700,,
Tumkur,12/11/2014,1270,,
Tumkur,21/02/2014,3500,,
Tumkur,08/08/2014,1500,,
Tumkur,25/09/2014,2500,,
Tumkur,10/10/2014,1600,,
Tumkur,14/11/2014,1400,,
Tumkur,14/02/2014,1800,,
Tumkur,20/02/2014,1950,,
Tumkur,28/02/2014,2000,,
Tumkur,06/03/2014,2000,,
Tumkur,14/03/2014,2000,,
Tumkur,20/03/2014,1900,,
Tumkur,27/03/2014,2000,,
Tumkur,02/04/2014,1982,,
Tumkur,10/04/2014,2000,,
Tumkur,19/04/2014,2000,,
Tumkur,03/05/2014,2000,,
Tumkur,05/06/2014,1900,,
Tumkur,12/06/2014,2000,,
Tumkur,14/08/2014,1500,,
Tumkur,02/09/2014,1700,,
Tumkur,25/09/2014,1742,,
Tumkur,27/09/2014,1900,,
Tumkur,30/09/2014,2000,,
Tumkur,16/10/2014,2000,,
Tumkur,21/10/2014,2000,,
Tumkur,25/10/2014,2000,,
Tumkur,30/10/2014,2000,,
Tumkur,11/11/2014,2000,,
Tumkur,13/11/2014,2000,,
Tumkur,18/11/2014,1800,,
Tumkur,03/01/2014,1800,,
Tumkur,03/01/2014,1800,,
Tumkur,07/01/2014,1500,,
Tumkur,17/01/2014,1600,,
Tumkur,18/01/2014,1600,,
Tumkur,22/01/2014,1500,,
Tumkur,24/01/2014,1500,,
Tumkur,27/01/2014,1500,,
Tumkur,28/01/2014,1500,,
Tumkur,29/01/2014,1500,,
Tumkur,31/01/2014,1600,,
Tumkur,01/02/2014,1600,,
Tumkur,04/02/2014,1600,,
Tumkur,07/02/2014,1600,,
Tumkur,11/02/2014,1600,,
Tumkur,12/02/2014,1600,,
Tumkur,24/02/2014,1600,,
Tumkur,01/03/2014,1600,,
Tumkur,04/03/2014,1500,,
Tumkur,05/03/2014,1780,,
Tumkur,06/03/2014,1800,,
Tumkur,07/03/2014,1700,,
Tumkur,11/03/2014,1700,,
Tumkur,15/03/2014,1700,,
Tumkur,18/03/2014,1800,,
Tumkur,21/03/2014,1700,,
Tumkur,09/04/2014,1850,,
Tumkur,23/04/2014,1800,,
Tumkur,25/04/2014,1800,,
Tumkur,26/04/2014,1850,,
Tumkur,03/05/2014,1800,,
Tumkur,17/05/2014,1800,,
Tumkur,27/05/2014,1850,,
Tumkur,28/05/2014,1750,,
Tumkur,03/06/2014,1800,,
Tumkur,17/06/2014,1700,,
Tumkur,25/06/2014,1750,,
Tumkur,04/07/2014,1700,,
Tumkur,19/07/2014,1700,,
Tumkur,03/09/2014,1750,,
Tumkur,06/09/2014,1750,,
Tumkur,12/09/2014,1730,,
Tumkur,25/09/2014,1700,,
Tumkur,30/09/2014,1550,,
Tumkur,13/10/2014,1700,,
Tumkur,14/10/2014,1700,,
Tumkur,17/10/2014,1700,,
Tumkur,21/10/2014,1550,,
Tumkur,29/10/2014,1450,,
Tumkur,30/10/2014,1400,,
Tumkur,05/11/2014,1550,,
Tumkur,06/11/2014,1550,,
Tumkur,11/11/2014,1560,,
Tumkur,14/11/2014,1350,,
Tumkur,18/11/2014,1560,,