district,arrival_date,avg_price,rainfall,month,year
Bangalore,01/01/2015,2000,,
Bangalore,02/01/2015,2000,,
Bangalore,03/01/2015,2000,,
Bangalore,05/01/2015,2000,,
Bangalore,06/01/2015,2100,,
Bangalore,07/01/2015,2100,,
Bangalore,08/01/2015,2100,,
Bangalore,09/01/2015,2100,,
Bangalore,12/01/2015,2100,,
Bangalore,13/01/2015,2050,,
Bangalore,14/01/2015,2050,,
Bangalore,16/01/2015,2050,,
Bangalore,17/01/2015,2100,,
Bangalore,19/01/2015,2100,,
Bangalore,20/01/2015,2100,,
Bangalore,21/01/2015,2100,,
Bangalore,22/01/2015,2100,,
Bangalore,23/01/2015,2200,,
Bangalore,24/01/2015,2200,,
Bangalore,27/01/2015,2200,,
Bangalore,27/01/2015,2200,,
Bangalore,28/01/2015,2200,,
Bangalore,28/01/2015,2200,,
Bangalore,29/01/2015,2200,,
Bangalore,30/01/2015,2000,,
Bangalore,31/01/2015,2000,,
Bangalore,02/02/2015,2000,,
Bangalore,03/02/2015,2000,,
Bangalore,04/02/2015,2000,,
Bangalore,05/02/2015,2000,,
Bangalore,06/02/2015,1900,,
Bangalore,07/02/2015,1900,,
Bangalore,09/02/2015,1900,,
Bangalore,10/02/2015,1850,,
Bangalore,11/02/2015,1950,,
Bangalore,12/02/2015,1950,,
Bangalore,13/02/2015,1950,,
Bangalore,16/02/2015,1950,,
Bangalore,18/02/2015,1950,,
Bangalore,20/02/2015,1950,,
Bangalore,21/02/2015,2050,,
Bangalore,23/02/2015,2050,,
Bangalore,24/02/2015,2050,,
Bangalore,25/02/2015,2050,,
Bangalore,26/02/2015,2100,,
Bangalore,27/02/2015,2100,,
Bangalore,28/02/2015,2100,,
Bangalore,02/03/2015,2150,,
Bangalore,03/03/2015,2150,,
Bangalore,04/03/2015,2200,,
Bangalore,05/03/2015,2200,,
Bangalore,06/03/2015,2100,,
Bangalore,07/03/2015,2100,,
Bangalore,09/03/2015,2100,,
Bangalore,10/03/2015,2100,,
Bangalore,11/03/2015,2100,,
Bangalore,12/03/2015,2100,,
Bangalore,13/03/2015,2150,,
Bangalore,16/03/2015,2150,,
Bangalore,17/03/2015,2100,,
Bangalore,18/03/2015,2100,,
Bangalore,19/03/2015,2150,,
Bangalore,20/03/2015,2150,,
Bangalore,23/03/2015,2150,,
Bangalore,24/03/2015,2150,,
Bangalore,25/03/2015,2150,,
Bangalore,26/03/2015,2150,,
Bangalore,27/03/2015,2150,,
Bangalore,28/03/2015,2150,,
Bangalore,30/03/2015,2150,,
Bangalore,31/03/2015,2150,,
Bangalore,01/04/2015,2150,,
Bangalore,04/04/2015,2150,,
Bangalore,06/04/2015,2150,,
Bangalore,07/04/2015,2150,,
Bangalore,08/04/2015,2150,,
Bangalore,09/04/2015,2100,,
Bangalore,10/04/2015,2100,,
Bangalore,13/04/2015,2100,,
Bangalore,15/04/2015,2100,,
Bangalore,16/04/2015,2100,,
Bangalore,17/04/2015,2100,,
Bangalore,18/04/2015,2100,,
Bangalore,20/04/2015,2100,,
Bangalore,22/04/2015,2000,,
Bangalore,23/04/2015,2000,,
Bangalore,24/04/2015,2000,,
Bangalore,25/04/2015,2000,,
Bangalore,27/04/2015,2050,,
Bangalore,28/04/2015,2050,,
Bangalore,29/04/2015,2000,,
Bangalore,30/04/2015,2000,,
Bangalore,02/05/2015,2000,,
Bangalore,05/05/2015,2000,,
Bangalore,06/05/2015,2000,,
Bangalore,08/05/2015,2050,,
Bangalore,11/05/2015,2050,,
Bangalore,12/05/2015,2000,,
Bangalore,13/05/2015,2000,,
Bangalore,14/05/2015,2000,,
Bangalore,15/05/2015,2025,,
Bangalore,16/05/2015,2025,,
Bangalore,18/05/2015,2025,,
Bangalore,19/05/2015,2075,,
Bangalore,20/05/2015,2075,,
Bangalore,21/05/2015,2075,,
Bangalore,22/05/2015,2075,,
Bangalore,23/05/2015,2000,,
Bangalore,25/05/2015,2000,,
Bangalore,26/05/2015,2000,,
Bangalore,27/05/2015,2000,,
Bangalore,28/05/2015,2000,,
Bangalore,29/05/2015,2060,,
Bangalore,30/05/2015,2060,,
Bangalore,01/06/2015,2060,,
Bangalore,05/06/2015,2100,,
Bangalore,06/06/2015,2100,,
Bangalore,08/06/2015,2100,,
Bangalore,09/06/2015,2100,,
Bangalore,10/06/2015,2100,,
Bangalore,11/06/2015,2100,,
Bangalore,12/06/2015,2100,,
Bangalore,15/06/2015,2100,,
Bangalore,16/06/2015,2100,,
Bangalore,17/06/2015,2100,,
Bangalore,18/06/2015,2100,,
Bangalore,19/06/2015,2100,,
Bangalore,20/06/2015,2100,,
Bangalore,22/06/2015,2100,,
Bangalore,23/06/2015,2100,,
Bangalore,24/06/2015,2100,,
Bangalore,25/06/2015,2100,,
Bangalore,27/06/2015,2100,,
Bangalore,29/06/2015,2100,,
Bangalore,30/06/2015,2100,,
Bangalore,01/07/2015,2100,,
Bangalore,02/07/2015,2100,,
Bangalore,03/07/2015,2100,,
Bangalore,04/07/2015,2100,,
Bangalore,06/07/2015,2100,,
Bangalore,07/07/2015,2100,,
Bangalore,08/07/2015,2100,,
Bangalore,09/07/2015,2100,,
Bangalore,10/07/2015,2100,,
Bangalore,14/07/2015,2100,,
Bangalore,15/07/2015,2100,,
Bangalore,16/07/2015,2100,,
Bangalore,17/07/2015,2100,,
Bangalore,21/07/2015,2100,,
Bangalore,24/07/2015,2100,,
Bangalore,25/07/2015,2100,,
Bangalore,27/07/2015,2100,,
Bangalore,28/07/2015,2100,,
Bangalore,29/07/2015,2100,,
Bangalore,30/07/2015,2100,,
Bangalore,31/07/2015,2100,,
Bangalore,03/08/2015,2100,,
Bangalore,04/08/2015,2100,,
Bangalore,05/08/2015,2100,,
Bangalore,06/08/2015,2100,,
Bangalore,07/08/2015,2100,,
Bangalore,10/08/2015,2100,,
Bangalore,11/08/2015,2100,,
Bangalore,12/08/2015,1975,,
Bangalore,13/08/2015,1975,,
Bangalore,14/08/2015,1975,,
Bangalore,17/08/2015,1975,,
Bangalore,18/08/2015,1975,,
Bangalore,19/08/2015,1975,,
Bangalore,20/08/2015,1975,,
Bangalore,21/08/2015,1975,,
Bangalore,24/08/2015,2000,,
Bangalore,25/08/2015,2000,,
Bangalore,26/08/2015,2000,,
Bangalore,27/08/2015,2000,,
Bangalore,28/08/2015,2000,,
Bangalore,29/08/2015,2000,,
Bangalore,31/08/2015,2000,,
Bangalore,01/09/2015,2000,,
Bangalore,02/09/2015,2000,,
Bangalore,03/09/2015,2000,,
Bangalore,04/09/2015,2000,,
Bangalore,05/09/2015,2000,,
Bangalore,07/09/2015,2000,,
Bangalore,08/09/2015,2000,,
Bangalore,09/09/2015,2000,,
Bangalore,10/09/2015,2000,,
Bangalore,11/09/2015,2000,,
Bangalore,14/09/2015,2000,,
Bangalore,15/09/2015,2000,,
Bangalore,16/09/2015,2000,,
Bangalore,18/09/2015,2000,,
Bangalore,19/09/2015,2000,,
Bangalore,21/09/2015,2000,,
Bangalore,22/09/2015,2000,,
Bangalore,23/09/2015,2000,,
Bangalore,24/09/2015,2000,,
Bangalore,26/09/2015,2000,,
Bangalore,28/09/2015,2000,,
Bangalore,29/09/2015,2000,,
Bangalore,30/09/2015,2000,,
Bangalore,01/10/2015,2000,,
Bangalore,03/10/2015,2000,,
Bangalore,05/10/2015,2000,,
Bangalore,06/10/2015,1900,,
Bangalore,07/10/2015,1900,,
Bangalore,08/10/2015,1900,,
Bangalore,09/10/2015,1900,,
Bangalore,13/10/2015,1900,,
Bangalore,14/10/2015,1900,,
Bangalore,15/10/2015,1900,,
Bangalore,16/10/2015,1900,,
Bangalore,17/10/2015,2050,,
Bangalore,19/10/2015,2050,,
Bangalore,20/10/2015,2050,,
Bangalore,21/10/2015,2050,,
Bangalore,26/10/2015,2050,,
Bangalore,28/10/2015,2050,,
Bangalore,29/10/2015,2050,,
Bangalore,30/10/2015,2050,,
Bangalore,31/10/2015,2050,,
Bangalore,02/11/2015,2050,,
Bangalore,03/11/2015,2050,,
Bangalore,04/11/2015,2050,,
Bangalore,05/11/2015,2050,,
Bangalore,06/11/2015,2050,,
Bangalore,07/11/2015,2050,,
Bangalore,09/11/2015,2050,,
Bangalore,11/11/2015,2050,,
Bangalore,13/11/2015,2050,,
Bangalore,16/11/2015,2050,,
Bangalore,17/11/2015,2050,,
Bangalore,18/11/2015,2050,,
Bangalore,19/11/2015,2050,,
Bangalore,20/11/2015,2050,,
Bangalore,21/11/2015,2050,,
Bangalore,23/11/2015,2050,,
Bangalore,25/11/2015,2050,,
Bangalore,26/11/2015,2050,,
Bangalore,27/11/2015,2050,,
Bangalore,30/11/2015,2050,,
Bangalore,01/12/2015,2050,,
Bangalore,02/12/2015,2050,,
Bangalore,03/12/2015,2050,,
Bangalore,04/12/2015,2050,,
Bangalore,05/12/2015,2050,,
Bangalore,07/12/2015,2050,,
Bangalore,08/12/2015,2050,,
Bangalore,09/12/2015,2050,,
Bangalore,10/12/2015,2050,,
Bangalore,11/12/2015,2050,,
Bangalore,14/12/2015,2000,,
Bangalore,15/12/2015,2000,,
Bangalore,16/12/2015,2000,,
Bangalore,17/12/2015,2000,,
Bangalore,18/12/2015,2000,,
Bangalore,19/12/2015,2000,,
Bangalore,21/12/2015,2000,,
Bangalore,22/12/2015,2000,,
Bangalore,23/12/2015,2000,,
Bangalore,26/12/2015,2000,,
Bangalore,28/12/2015,2000,,
Bangalore,29/12/2015,2000,,
Bangalore,30/12/2015,2000,,
Bangalore,31/12/2015,2000,,
Bangalore,07/01/2015,1600,,
Bangalore,16/01/2015,1400,,
Bangalore,21/01/2015,1450,,
Bangalore,28/01/2015,1400,,
Bangalore,28/01/2015,1400,,
Bangalore,02/02/2015,1500,,
Bangalore,11/02/2015,1400,,
Bangalore,27/02/2015,1500,,
Bangalore,05/03/2015,1600,,
Bangalore,11/03/2015,1500,,
Bangalore,18/03/2015,1500,,
Bangalore,16/04/2015,1500,,
Bangalore,24/04/2015,1400,,
Bangalore,13/05/2015,1500,,
Bangalore,21/05/2015,1500,,
Bangalore,27/05/2015,1400,,
Bangalore,24/06/2015,1400,,
Bangalore,01/07/2015,1400,,
Bangalore,29/07/2015,1400,,
Bangalore,05/08/2015,1400,,
Bangalore,20/08/2015,1400,,
Bangalore,26/08/2015,1400,,
Bangalore,02/09/2015,1400,,
Bangalore,09/09/2015,1400,,
Bangalore,30/09/2015,1300,,
Bangalore,08/10/2015,1400,,
Bangalore,29/10/2015,1350,,
Bangalore,25/11/2015,1350,,
Bangalore,04/12/2015,1350,,
Bangalore,10/12/2015,1400,,
Bangalore,15/12/2015,1350,,
Bangalore,18/12/2015,1350,,
Bangalore,19/12/2015,1350,,
Bangalore,23/12/2015,1350,,
Bangalore,29/12/2015,1400,,
Bangalore,31/12/2015,1350,,
Bangalore,31/03/2015,2000,,
Bangalore,31/03/2015,1600,,
Bangalore,17/07/2015,1250,,
Bangalore,01/01/2015,1800,,
Bangalore,01/01/2015,1800,,
Bangalore,06/01/2015,1500,,
Bangalore,08/01/2015,1850,,
Bangalore,09/01/2015,1820,,
Bangalore,22/01/2015,1800,,
Bangalore,29/01/2015,1830,,
Bangalore,05/02/2015,1700,,
Bangalore,26/02/2015,1600,,
Bangalore,02/03/2015,1900,,
Bangalore,05/03/2015,1800,,
Bangalore,12/03/2015,1800,,
Bangalore,19/03/2015,1760,,
Bangalore,26/03/2015,1800,,
Bangalore,09/04/2015,1700,,
Bangalore,16/04/2015,1800,,
Bangalore,30/04/2015,1900,,
Bangalore,14/05/2015,1900,,
Bangalore,21/05/2015,1800,,
Bangalore,28/05/2015,1800,,
Bangalore,04/06/2015,1800,,
Bangalore,11/06/2015,1800,,
Bangalore,16/06/2015,1800,,
Bangalore,17/06/2015,1800,,
Bangalore,25/06/2015,1800,,
Bangalore,02/07/2015,1600,,
Bangalore,16/07/2015,1750,,
Bangalore,30/07/2015,1700,,
Bangalore,06/08/2015,1700,,
Bangalore,13/08/2015,1600,,
Bangalore,20/08/2015,1700,,
Bangalore,27/08/2015,1650,,
Bangalore,03/09/2015,1500,,
Bangalore,10/09/2015,1700,,
Bangalore,18/09/2015,1600,,
Bangalore,24/09/2015,1600,,
Bangalore,01/10/2015,1600,,
Bangalore,08/10/2015,1500,,
Bangalore,15/10/2015,1600,,
Bangalore,21/10/2015,1600,,
Bangalore,29/10/2015,1600,,
Bangalore,19/11/2015,1600,,
Bangalore,23/12/2015,1700,,
Bellary,16/02/2015,703,,
Bellary,30/12/2015,1601,,
Bellary,20/05/2015,1300,,
Bellary,09/09/2015,1300,,
Bellary,15/02/2015,1200,,
Bellary,19/02/2015,1200,,
Bellary,22/02/2015,1200,,
Bellary,15/03/2015,1100,,
Bellary,18/10/2015,1400,,
Bellary,05/08/2015,1800,,
Bellary,13/01/2015,1125,,
Bellary,14/01/2015,1131,,
Bellary,19/01/2015,1215,,
Bellary,20/01/2015,1192,,
Bellary,24/01/2015,1075,,
Bellary,27/01/2015,1089,,
Bellary,27/01/2015,1089,,
Bellary,29/01/2015,1246,,
Bellary,30/01/2015,1150,,
Bellary,02/02/2015,1119,,
Bellary,05/02/2015,1204,,
Bellary,06/02/2015,1220,,
Bellary,09/02/2015,1223,,
Bellary,10/02/2015,1229,,
Bellary,11/02/2015,1002,,
Bellary,19/02/2015,1256,,
Bellary,21/02/2015,1205,,
Bellary,24/02/2015,1250,,
Bellary,25/02/2015,1283,,
Bellary,26/02/2015,1271,,
Bellary,27/02/2015,1297,,
Bellary,02/03/2015,1349,,
Bellary,03/03/2015,1290,,
Bellary,04/03/2015,1312,,
Bellary,05/03/2015,1014,,
Bellary,09/03/2015,1325,,
Bellary,10/03/2015,1545,,
Bellary,11/03/2015,1333,,
Bellary,12/03/2015,1266,,
Bellary,16/03/2015,1399,,
Bellary,17/03/2015,1390,,
Bellary,18/03/2015,1316,,
Bellary,19/03/2015,1427,,
Bellary,20/03/2015,1521,,
Bellary,23/03/2015,1574,,
Bellary,24/03/2015,1339,,
Bellary,25/03/2015,1356,,
Bellary,26/03/2015,1419,,
Bellary,27/03/2015,1442,,
Bellary,28/03/2015,1415,,
Bellary,30/03/2015,1448,,
Bellary,31/03/2015,1427,,
Bellary,01/04/2015,1384,,
Bellary,04/04/2015,1393,,
Bellary,09/04/2015,1380,,
Bellary,10/04/2015,1319,,
Bellary,13/04/2015,1376,,
Bellary,16/04/2015,1383,,
Bellary,17/04/2015,1237,,
Bellary,20/04/2015,1387,,
Bellary,22/04/2015,1316,,
Bellary,23/04/2015,1250,,
Bellary,25/04/2015,1345,,
Bellary,27/04/2015,1220,,
Bellary,28/04/2015,1308,,
Bellary,29/04/2015,1279,,
Bellary,30/04/2015,1312,,
Bellary,05/05/2015,1267,,
Bellary,06/05/2015,1308,,
Bellary,07/05/2015,1364,,
Bellary,08/05/2015,1290,,
Bellary,11/05/2015,1242,,
Bellary,12/05/2015,1321,,
Bellary,13/05/2015,1206,,
Bellary,14/05/2015,1292,,
Bellary,15/05/2015,1100,,
Bellary,18/05/2015,1154,,
Bellary,20/05/2015,1070,,
Bellary,22/05/2015,1025,,
Bellary,23/05/2015,1252,,
Bellary,25/05/2015,1170,,
Bellary,26/05/2015,1179,,
Bellary,22/06/2015,1206,,
Bellary,31/08/2015,1277,,
Bellary,22/09/2015,1419,,
Bellary,06/10/2015,1307,,
Bellary,15/10/2015,1261,,
Bellary,16/10/2015,1261,,
Bellary,19/10/2015,1251,,
Bellary,20/10/2015,1258,,
Bellary,21/10/2015,1231,,
Bellary,26/10/2015,1350,,
Bellary,13/11/2015,1221,,
Bellary,23/11/2015,1355,,
Bellary,24/11/2015,1193,,
Bellary,27/11/2015,1320,,
Bellary,01/12/2015,1350,,
Bellary,03/12/2015,1281,,
Bellary,07/12/2015,1349,,
Bellary,11/12/2015,1305,,
Bellary,17/12/2015,1416,,
Bellary,19/12/2015,1391,,
Bellary,21/12/2015,1337,,
Bellary,26/12/2015,1461,,
Bellary,30/12/2015,1436,,
Chamrajnagar,02/02/2015,1400,,
Chamrajnagar,26/02/2015,1500,,
Chamrajnagar,04/03/2015,1500,,
Chamrajnagar,06/04/2015,1500,,
Chamrajnagar,01/06/2015,1400,,
Chamrajnagar,07/07/2015,1400,,
Chamrajnagar,08/07/2015,5000,,
Chamrajnagar,15/07/2015,1200,,
Chamrajnagar,22/07/2015,1200,,
Chamrajnagar,05/08/2015,1200,,
Chamrajnagar,18/08/2015,1300,,
Chamrajnagar,30/09/2015,1350,,
Chamrajnagar,19/10/2015,1400,,
Chamrajnagar,31/10/2015,1500,,
Chamrajnagar,07/11/2015,1400,,
Chamrajnagar,18/11/2015,1400,,
Chamrajnagar,23/11/2015,1400,,
Chamrajnagar,01/01/2015,1300,,
Chamrajnagar,11/01/2015,1700,,
Chamrajnagar,25/01/2015,1400,,
Chamrajnagar,25/01/2015,1400,,
Chamrajnagar,02/02/2015,1850,,
Chamrajnagar,07/02/2015,1860,,
Chamrajnagar,16/02/2015,1900,,
Chamrajnagar,02/03/2015,3700,,
Chamrajnagar,07/03/2015,1900,,
Chamrajnagar,25/03/2015,2090,,
Chamrajnagar,26/03/2015,2050,,
Chamrajnagar,30/03/2015,1382,,
Chamrajnagar,02/04/2015,2050,,
Chamrajnagar,25/04/2015,1288,,
Chamrajnagar,29/04/2015,1477,,
Chamrajnagar,12/05/2015,1950,,
Chamrajnagar,15/05/2015,1705,,
Chamrajnagar,25/05/2015,1840,,
Chamrajnagar,13/06/2015,1400,,
Chamrajnagar,20/06/2015,1850,,
Chamrajnagar,10/07/2015,1200,,
Chamrajnagar,21/07/2015,1100,,
Chamrajnagar,05/08/2015,1400,,
Chamrajnagar,06/08/2015,1250,,
Chamrajnagar,13/08/2015,1450,,
Chamrajnagar,20/08/2015,1300,,
Chamrajnagar,24/08/2015,1500,,
Chamrajnagar,27/08/2015,1300,,
Chamrajnagar,09/09/2015,1950,,
Chamrajnagar,12/09/2015,1260,,
Chamrajnagar,17/10/2015,1900,,
Chamrajnagar,19/10/2015,1200,,
Chamrajnagar,09/11/2015,1850,,
Chamrajnagar,13/11/2015,1100,,
Chamrajnagar,21/01/2015,1000,,
Chamrajnagar,26/03/2015,1200,,
Chamrajnagar,24/04/2015,1500,,
Chamrajnagar,15/07/2015,1100,,
Chamrajnagar,21/07/2015,1200,,
Chamrajnagar,23/07/2015,1100,,
Chikmagalur,02/02/2015,1400,,
Chikmagalur,07/02/2015,1500,,
Chikmagalur,16/02/2015,1550,,
Chikmagalur,27/02/2015,1600,,
Chikmagalur,28/02/2015,1550,,
Chikmagalur,09/03/2015,1500,,
Chikmagalur,20/03/2015,1500,,
Chikmagalur,28/03/2015,1500,,
Chikmagalur,04/04/2015,1500,,
Chikmagalur,08/04/2015,1500,,
Chikmagalur,17/04/2015,1500,,
Chikmagalur,24/04/2015,1550,,
Chikmagalur,30/04/2015,1550,,
Chikmagalur,29/05/2015,1500,,
Chikmagalur,12/06/2015,1550,,
Chikmagalur,24/06/2015,1500,,
Chikmagalur,29/06/2015,1500,,
Chikmagalur,06/07/2015,1500,,
Chikmagalur,17/07/2015,1500,,
Chikmagalur,28/07/2015,1500,,
Chikmagalur,20/08/2015,1650,,
Chikmagalur,31/08/2015,1600,,
Chikmagalur,31/08/2015,1600,,
Chikmagalur,04/09/2015,1800,,
Chikmagalur,07/09/2015,1650,,
Chikmagalur,10/09/2015,1650,,
Chikmagalur,11/09/2015,1600,,
Chikmagalur,24/09/2015,1650,,
Chikmagalur,28/09/2015,1650,,
Chikmagalur,07/10/2015,1650,,
Chikmagalur,14/10/2015,1650,,
Chikmagalur,15/10/2015,1650,,
Chikmagalur,28/10/2015,1650,,
Chikmagalur,02/11/2015,1650,,
Chikmagalur,03/11/2015,1650,,
Chikmagalur,04/11/2015,1650,,
Chikmagalur,19/11/2015,1600,,
Chikmagalur,23/11/2015,1650,,
Chikmagalur,24/11/2015,1600,,
Chikmagalur,27/11/2015,1650,,
Chikmagalur,23/12/2015,1675,,
Chikmagalur,28/12/2015,1660,,
Chikmagalur,29/12/2015,1650,,
Chikmagalur,30/12/2015,1650,,
Chikmagalur,14/01/2015,1500,,
Chikmagalur,22/01/2015,1500,,
Chikmagalur,26/02/2015,1500,,
Chikmagalur,05/03/2015,1833,,
Chikmagalur,04/04/2015,1600,,
Chikmagalur,07/05/2015,1600,,
Chikmagalur,31/08/2015,1200,,
Chikmagalur,13/10/2015,1238,,
Chikmagalur,14/10/2015,1250,,
Chikmagalur,15/10/2015,1200,,
Chikmagalur,06/11/2015,1300,,
Chikmagalur,07/11/2015,1300,,
Chikmagalur,19/11/2015,1375,,
Chikmagalur,23/11/2015,1271,,
Chikmagalur,30/11/2015,1250,,
Chikmagalur,03/12/2015,1200,,
Chikmagalur,07/12/2015,1200,,
Chikmagalur,08/12/2015,1200,,
Chikmagalur,10/12/2015,1365,,
Chikmagalur,26/12/2015,1400,,
Chikmagalur,01/01/2015,1500,,
Chikmagalur,03/01/2015,1300,,
Chikmagalur,06/01/2015,1300,,
Chikmagalur,08/01/2015,1200,,
Chikmagalur,13/01/2015,1600,,
Chikmagalur,21/01/2015,1400,,
Chikmagalur,22/01/2015,1413,,
Chikmagalur,23/01/2015,1350,,
Chikmagalur,24/01/2015,1400,,
Chikmagalur,29/01/2015,1100,,
Chikmagalur,30/01/2015,1100,,
Chikmagalur,10/02/2015,1700,,
Chikmagalur,11/02/2015,1700,,
Chikmagalur,12/02/2015,1700,,
Chikmagalur,18/02/2015,1500,,
Chikmagalur,18/03/2015,1850,,
Chikmagalur,24/03/2015,1500,,
Chikmagalur,26/03/2015,1850,,
Chikmagalur,28/03/2015,1850,,
Chikmagalur,07/04/2015,2000,,
Chikmagalur,08/04/2015,1300,,
Chikmagalur,09/04/2015,1453,,
Chikmagalur,23/04/2015,1800,,
Chikmagalur,24/04/2015,1400,,
Chikmagalur,29/04/2015,1460,,
Chikmagalur,12/05/2015,1200,,
Chikmagalur,26/05/2015,1600,,
Chikmagalur,02/06/2015,1590,,
Chikmagalur,15/06/2015,1300,,
Chikmagalur,16/06/2015,1200,,
Chikmagalur,18/06/2015,1300,,
Chikmagalur,23/06/2015,1300,,
Chikmagalur,26/06/2015,1750,,
Chikmagalur,29/06/2015,1600,,
Chikmagalur,30/06/2015,1200,,
Chikmagalur,04/07/2015,1300,,
Chikmagalur,15/07/2015,1600,,
Chikmagalur,21/07/2015,1200,,
Chikmagalur,01/08/2015,1400,,
Chikmagalur,06/08/2015,1300,,
Chikmagalur,07/08/2015,1400,,
Chikmagalur,18/08/2015,1334,,
Chikmagalur,25/08/2015,1300,,
Chikmagalur,27/08/2015,1300,,
Chikmagalur,29/08/2015,1300,,
Chikmagalur,15/09/2015,1729,,
Chikmagalur,21/09/2015,1700,,
Chikmagalur,24/09/2015,1100,,
Chikmagalur,28/09/2015,1400,,
Chikmagalur,01/10/2015,1400,,
Chikmagalur,05/10/2015,1225,,
Chikmagalur,13/10/2015,1179,,
Chikmagalur,14/10/2015,1125,,
Chikmagalur,15/10/2015,1200,,
Chikmagalur,16/10/2015,1100,,
Chikmagalur,17/10/2015,1650,,
Chikmagalur,20/10/2015,1200,,
Chikmagalur,21/10/2015,1333,,
Chikmagalur,04/11/2015,1600,,
Chikmagalur,06/11/2015,1250,,
Chikmagalur,19/11/2015,1600,,
Chikmagalur,20/11/2015,1250,,
Chikmagalur,25/11/2015,1200,,
Chikmagalur,26/11/2015,1200,,
Chikmagalur,18/12/2015,1750,,
Chikmagalur,21/12/2015,1400,,
Chikmagalur,29/12/2015,1700,,
Chikmagalur,30/12/2015,1333,,
Chikmagalur,02/10/2015,1350,,
Chikmagalur,03/01/2015,1317,,
Chikmagalur,07/01/2015,2000,,
Chikmagalur,12/01/2015,2000,,
Chikmagalur,17/01/2015,2000,,
Chikmagalur,21/01/2015,1706,,
Chikmagalur,24/01/2015,1260,,
Chikmagalur,29/01/2015,1300,,
Chikmagalur,31/01/2015,1700,,
Chikmagalur,04/02/2015,2000,,
Chikmagalur,07/02/2015,2000,,
Chikmagalur,11/02/2015,1571,,
Chikmagalur,16/02/2015,2000,,
Chikmagalur,20/02/2015,2000,,
Chikmagalur,21/02/2015,1750,,
Chikmagalur,24/02/2015,1300,,
Chikmagalur,26/02/2015,1600,,
Chikmagalur,28/02/2015,2000,,
Chikmagalur,04/03/2015,2000,,
Chikmagalur,06/03/2015,2000,,
Chikmagalur,07/03/2015,1500,,
Chikmagalur,23/03/2015,1500,,
Chikmagalur,24/03/2015,1833,,
Chikmagalur,01/04/2015,1900,,
Chikmagalur,06/04/2015,1400,,
Chikmagalur,08/04/2015,2000,,
Chikmagalur,15/04/2015,1350,,
Chikmagalur,18/04/2015,1400,,
Chikmagalur,22/04/2015,1400,,
Chikmagalur,05/05/2015,1345,,
Chikmagalur,06/05/2015,1360,,
Chikmagalur,11/05/2015,1662,,
Chikmagalur,13/05/2015,1400,,
Chikmagalur,21/05/2015,1429,,
Chikmagalur,23/05/2015,1600,,
Chikmagalur,27/05/2015,1300,,
Chikmagalur,30/05/2015,1400,,
Chikmagalur,08/06/2015,1420,,
Chikmagalur,10/06/2015,1300,,
Chikmagalur,15/06/2015,1400,,
Chikmagalur,24/06/2015,1300,,
Chikmagalur,27/06/2015,1400,,
Chikmagalur,08/07/2015,1250,,
Chikmagalur,10/07/2015,1600,,
Chikmagalur,15/07/2015,1600,,
Chikmagalur,23/07/2015,1600,,
Chikmagalur,24/07/2015,1600,,
Chikmagalur,25/07/2015,1400,,
Chikmagalur,10/08/2015,1400,,
Chikmagalur,12/08/2015,1300,,
Chikmagalur,22/08/2015,1600,,
Chikmagalur,26/08/2015,1666,,
Chikmagalur,05/09/2015,1400,,
Chikmagalur,05/10/2015,1337,,
Chikmagalur,13/10/2015,1250,,
Chikmagalur,14/10/2015,1500,,
Chikmagalur,17/10/2015,1600,,
Chikmagalur,07/11/2015,1467,,
Chikmagalur,18/11/2015,1500,,
Chikmagalur,19/11/2015,1080,,
Chikmagalur,21/11/2015,1500,,
Chikmagalur,25/11/2015,1000,,
Chikmagalur,09/12/2015,1600,,
Chikmagalur,14/12/2015,1600,,
Chikmagalur,16/12/2015,1424,,
Chikmagalur,19/12/2015,1600,,
Chitradurga,17/11/2015,1250,,
Chitradurga,01/01/2015,1200,,
Chitradurga,12/01/2015,1100,,
Chitradurga,29/01/2015,1100,,
Chitradurga,03/02/2015,1250,,
Chitradurga,05/02/2015,1050,,
Chitradurga,10/02/2015,1050,,
Chitradurga,19/02/2015,1300,,
Chitradurga,21/02/2015,1400,,
Chitradurga,24/02/2015,1100,,
Chitradurga,05/03/2015,1600,,
Chitradurga,13/03/2015,1100,,
Chitradurga,18/03/2015,1100,,
Chitradurga,23/03/2015,1000,,
Chitradurga,22/04/2015,1200,,
Chitradurga,02/06/2015,1508,,
Chitradurga,09/06/2015,1508,,
Chitradurga,16/06/2015,1200,,
Chitradurga,19/06/2015,1200,,
Chitradurga,25/06/2015,1100,,
Chitradurga,06/07/2015,1100,,
Chitradurga,09/07/2015,1200,,
Chitradurga,30/07/2015,1300,,
Chitradurga,26/08/2015,1300,,
Chitradurga,29/08/2015,1400,,
Chitradurga,31/08/2015,1300,,
Chitradurga,14/09/2015,1300,,
Chitradurga,18/09/2015,1300,,
Chitradurga,21/09/2015,1300,,
Chitradurga,05/10/2015,1400,,
Chitradurga,13/10/2015,1300,,
Chitradurga,26/10/2015,1500,,
Chitradurga,05/11/2015,1250,,
Chitradurga,07/11/2015,1200,,
Chitradurga,17/11/2015,1250,,
Chitradurga,30/11/2015,1430,,
Chitradurga,05/12/2015,1430,,
Chitradurga,14/12/2015,1500,,
Davangere,05/03/2015,1550,,
Davangere,04/04/2015,1750,,
Davangere,17/04/2015,1650,,
Davangere,02/05/2015,1850,,
Davangere,08/05/2015,1650,,
Davangere,29/05/2015,1450,,
Davangere,05/06/2015,1950,,
Davangere,26/06/2015,1650,,
Davangere,07/08/2015,1550,,
Davangere,14/08/2015,1550,,
Davangere,18/08/2015,1500,,
Davangere,28/08/2015,1450,,
Davangere,02/09/2015,1300,,
Davangere,23/09/2015,1300,,
Davangere,21/10/2015,1300,,
Davangere,26/10/2015,1400,,
Davangere,28/10/2015,1500,,
Davangere,25/11/2015,1300,,
Davangere,05/12/2015,1300,,
Davangere,22/01/2015,1300,,
Davangere,03/02/2015,1350,,
Davangere,05/02/2015,1000,,
Davangere,06/02/2015,1000,,
Davangere,09/02/2015,1380,,
Davangere,14/02/2015,1310,,
Davangere,19/02/2015,1326,,
Davangere,21/02/2015,1318,,
Davangere,23/02/2015,1272,,
Davangere,24/02/2015,1320,,
Davangere,26/02/2015,1400,,
Davangere,05/03/2015,1000,,
Davangere,11/03/2015,1475,,
Davangere,14/03/2015,1437,,
Davangere,16/03/2015,1446,,
Davangere,19/03/2015,1525,,
Davangere,25/03/2015,1300,,
Davangere,18/04/2015,1375,,
Davangere,22/04/2015,1518,,
Davangere,06/05/2015,1100,,
Davangere,22/05/2015,1375,,
Davangere,26/05/2015,1340,,
Davangere,05/06/2015,1397,,
Davangere,09/06/2015,1300,,
Davangere,10/06/2015,1134,,
Davangere,17/06/2015,1390,,
Davangere,23/06/2015,1462,,
Davangere,29/06/2015,1060,,
Davangere,30/06/2015,1450,,
Davangere,22/07/2015,1395,,
Davangere,28/07/2015,1050,,
Davangere,30/07/2015,1400,,
Davangere,04/08/2015,1174,,
Davangere,06/08/2015,1187,,
Davangere,07/08/2015,1270,,
Davangere,10/08/2015,1240,,
Davangere,11/08/2015,1285,,
Davangere,12/08/2015,1246,,
Davangere,13/08/2015,1436,,
Davangere,17/08/2015,1339,,
Davangere,24/08/2015,1357,,
Davangere,26/08/2015,1351,,
Davangere,27/08/2015,1402,,
Davangere,28/08/2015,1412,,
Davangere,29/08/2015,1452,,
Davangere,01/09/2015,1520,,
Davangere,03/09/2015,1395,,
Davangere,05/09/2015,1412,,
Davangere,14/09/2015,1377,,
Davangere,19/09/2015,1481,,
Davangere,21/09/2015,1450,,
Davangere,28/09/2015,1415,,
Davangere,08/10/2015,1415,,
Davangere,14/10/2015,1371,,
Davangere,16/10/2015,1414,,
Davangere,30/10/2015,1364,,
Davangere,02/12/2015,1316,,
Gadag,16/03/2015,704,,
Gadag,15/04/2015,704,,
Gadag,06/05/2015,761,,
Gadag,18/06/2015,539,,
Gadag,04/07/2015,711,,
Gadag,01/12/2015,1451,,
Hassan,01/01/2015,1500,,
Hassan,03/01/2015,1490,,
Hassan,05/01/2015,1600,,
Hassan,06/01/2015,1400,,
Hassan,07/01/2015,1450,,
Hassan,08/01/2015,1627,,
Hassan,09/01/2015,1500,,
Hassan,12/01/2015,1400,,
Hassan,13/01/2015,1470,,
Hassan,16/01/2015,1300,,
Hassan,20/01/2015,1460,,
Hassan,21/01/2015,1450,,
Hassan,22/01/2015,1440,,
Hassan,23/01/2015,1200,,
Hassan,24/01/2015,1200,,
Hassan,27/01/2015,1360,,
Hassan,28/01/2015,1360,,
Hassan,29/01/2015,1564,,
Hassan,30/01/2015,1406,,
Hassan,31/01/2015,1950,,
Hassan,02/02/2015,1580,,
Hassan,05/02/2015,1395,,
Hassan,06/02/2015,1470,,
Hassan,07/02/2015,1500,,
Hassan,09/02/2015,1350,,
Hassan,11/02/2015,1500,,
Hassan,16/02/2015,1500,,
Hassan,20/02/2015,1400,,
Hassan,23/02/2015,1350,,
Hassan,24/02/2015,1365,,
Hassan,25/02/2015,1450,,
Hassan,26/02/2015,1350,,
Hassan,27/02/2015,1608,,
Hassan,02/03/2015,1300,,
Hassan,17/03/2015,1690,,
Hassan,19/03/2015,1610,,
Hassan,24/03/2015,1610,,
Hassan,25/03/2015,1760,,
Hassan,01/04/2015,1650,,
Hassan,07/04/2015,1500,,
Hassan,08/04/2015,1500,,
Hassan,09/04/2015,1510,,
Hassan,10/04/2015,1430,,
Hassan,13/04/2015,1430,,
Hassan,15/04/2015,1540,,
Hassan,16/04/2015,1510,,
Hassan,17/04/2015,1485,,
Hassan,18/04/2015,1530,,
Hassan,22/04/2015,1335,,
Hassan,23/04/2015,1500,,
Hassan,24/04/2015,1430,,
Hassan,25/04/2015,1310,,
Hassan,27/04/2015,1495,,
Hassan,28/04/2015,1320,,
Hassan,29/04/2015,1410,,
Hassan,30/04/2015,1375,,
Hassan,04/05/2015,1370,,
Hassan,05/05/2015,1290,,
Hassan,06/05/2015,1250,,
Hassan,08/05/2015,1300,,
Hassan,11/05/2015,1315,,
Hassan,12/05/2015,1310,,
Hassan,14/05/2015,1320,,
Hassan,15/05/2015,1300,,
Hassan,18/05/2015,1570,,
Hassan,19/05/2015,1260,,
Hassan,20/05/2015,1300,,
Hassan,21/05/2015,1245,,
Hassan,23/05/2015,1300,,
Hassan,25/05/2015,1200,,
Hassan,26/05/2015,1200,,
Hassan,27/05/2015,1200,,
Hassan,29/05/2015,1250,,
Hassan,30/05/2015,1300,,
Hassan,01/06/2015,1350,,
Hassan,03/06/2015,1350,,
Hassan,04/06/2015,1295,,
Hassan,05/06/2015,1280,,
Hassan,06/06/2015,1365,,
Hassan,08/06/2015,1450,,
Hassan,10/06/2015,1300,,
Hassan,16/06/2015,1250,,
Hassan,17/06/2015,1360,,
Hassan,18/06/2015,1325,,
Hassan,19/06/2015,1320,,
Hassan,20/06/2015,1340,,
Hassan,23/06/2015,1390,,
Hassan,27/06/2015,1250,,
Hassan,29/06/2015,1380,,
Hassan,30/06/2015,1310,,
Hassan,01/07/2015,1290,,
Hassan,03/07/2015,1327,,
Hassan,04/07/2015,1220,,
Hassan,06/07/2015,1370,,
Hassan,07/07/2015,1260,,
Hassan,08/07/2015,1350,,
Hassan,09/07/2015,1393,,
Hassan,10/07/2015,1386,,
Hassan,13/07/2015,1250,,
Hassan,14/07/2015,1210,,
Hassan,15/07/2015,1280,,
Hassan,16/07/2015,1180,,
Hassan,21/07/2015,1320,,
Hassan,22/07/2015,1120,,
Hassan,25/07/2015,1320,,
Hassan,27/07/2015,1200,,
Hassan,28/07/2015,1300,,
Hassan,29/07/2015,1350,,
Hassan,30/07/2015,1278,,
Hassan,03/08/2015,1190,,
Hassan,04/08/2015,1330,,
Hassan,05/08/2015,1200,,
Hassan,11/08/2015,1390,,
Hassan,12/08/2015,1320,,
Hassan,13/08/2015,1200,,
Hassan,14/08/2015,1500,,
Hassan,17/08/2015,1600,,
Hassan,18/08/2015,1480,,
Hassan,20/08/2015,1200,,
Hassan,22/08/2015,926,,
Hassan,24/08/2015,1280,,
Hassan,27/08/2015,1380,,
Hassan,29/08/2015,1350,,
Hassan,31/08/2015,1400,,
Hassan,01/09/2015,1200,,
Hassan,02/09/2015,1350,,
Hassan,03/09/2015,1200,,
Hassan,04/09/2015,1250,,
Hassan,05/09/2015,1550,,
Hassan,09/09/2015,1300,,
Hassan,10/09/2015,1500,,
Hassan,11/09/2015,1200,,
Hassan,14/09/2015,1400,,
Hassan,15/09/2015,1350,,
Hassan,16/09/2015,1780,,
Hassan,18/09/2015,1505,,
Hassan,19/09/2015,1200,,
Hassan,26/09/2015,1390,,
Hassan,30/09/2015,1430,,
Hassan,01/10/2015,1450,,
Hassan,03/10/2015,1360,,
Hassan,07/10/2015,1490,,
Hassan,08/10/2015,1300,,
Hassan,09/10/2015,1380,,
Hassan,13/10/2015,1300,,
Hassan,14/10/2015,1465,,
Hassan,15/10/2015,1300,,
Hassan,16/10/2015,1350,,
Hassan,17/10/2015,1400,,
Hassan,19/10/2015,1450,,
Hassan,20/10/2015,1300,,
Hassan,26/10/2015,1350,,
Hassan,28/10/2015,1364,,
Hassan,29/10/2015,1470,,
Hassan,02/11/2015,1200,,
Hassan,04/11/2015,1400,,
Hassan,05/11/2015,1300,,
Hassan,06/11/2015,1200,,
Hassan,07/11/2015,1380,,
Hassan,09/11/2015,1300,,
Hassan,11/11/2015,1363,,
Hassan,13/11/2015,1200,,
Hassan,17/11/2015,1200,,
Hassan,18/11/2015,1500,,
Hassan,19/11/2015,1255,,
Hassan,20/11/2015,1200,,
Hassan,21/11/2015,1200,,
Hassan,23/11/2015,1200,,
Hassan,25/11/2015,1300,,
Hassan,26/11/2015,1200,,
Hassan,30/11/2015,1230,,
Hassan,01/12/2015,1260,,
Hassan,02/12/2015,1445,,
Hassan,03/12/2015,1200,,
Hassan,05/12/2015,1500,,
Hassan,07/12/2015,1540,,
Hassan,09/12/2015,1400,,
Hassan,14/12/2015,1600,,
Hassan,15/12/2015,1560,,
Hassan,16/12/2015,1580,,
Hassan,17/12/2015,1465,,
Hassan,18/12/2015,1450,,
Hassan,26/12/2015,1640,,
Hassan,30/12/2015,1360,,
Hassan,31/12/2015,1670,,
Hassan,27/04/2015,1200,,
Hassan,04/05/2015,1575,,
Hassan,19/05/2015,1500,,
Hassan,27/05/2015,1475,,
Hassan,16/06/2015,1400,,
Hassan,06/07/2015,1200,,
Hassan,14/07/2015,1430,,
Hassan,16/07/2015,1300,,
Hassan,24/07/2015,1300,,
Hassan,30/07/2015,1200,,
Hassan,03/08/2015,1445,,
Hassan,13/08/2015,1200,,
Hassan,14/08/2015,1200,,
Hassan,15/09/2015,1535,,
Hassan,16/09/2015,1300,,
Hassan,29/09/2015,1200,,
Hassan,04/10/2015,1300,,
Hassan,07/10/2015,1200,,
Hassan,09/10/2015,1300,,
Hassan,14/10/2015,1200,,
Hassan,06/11/2015,1600,,
Hassan,19/11/2015,1200,,
Hassan,08/12/2015,1300,,
Hassan,02/01/2015,1500,,
Hassan,03/01/2015,1400,,
Hassan,04/01/2015,1400,,
Hassan,10/01/2015,1400,,
Hassan,11/01/2015,1400,,
Hassan,13/01/2015,1400,,
Hassan,17/01/2015,1400,,
Hassan,18/01/2015,1400,,
Hassan,24/01/2015,1400,,
Hassan,25/01/2015,1400,,
Hassan,25/01/2015,1400,,
Hassan,29/01/2015,1500,,
Hassan,31/01/2015,1500,,
Hassan,01/02/2015,1500,,
Hassan,07/02/2015,1400,,
Hassan,08/02/2015,1400,,
Hassan,14/02/2015,1500,,
Hassan,15/02/2015,1400,,
Hassan,21/02/2015,1300,,
Hassan,22/02/2015,1300,,
Hassan,28/02/2015,1400,,
Hassan,01/03/2015,1500,,
Hassan,08/03/2015,1400,,
Hassan,14/03/2015,1500,,
Hassan,15/03/2015,1500,,
Hassan,20/03/2015,1500,,
Hassan,28/03/2015,1500,,
Hassan,29/03/2015,1500,,
Hassan,05/04/2015,1500,,
Hassan,11/04/2015,1400,,
Hassan,12/04/2015,1500,,
Hassan,19/04/2015,1470,,
Hassan,25/04/2015,1300,,
Hassan,26/04/2015,1450,,
Hassan,10/05/2015,1300,,
Hassan,24/05/2015,1200,,
Hassan,06/06/2015,1250,,
Hassan,07/06/2015,1400,,
Hassan,08/06/2015,1500,,
Hassan,13/06/2015,1200,,
Hassan,14/06/2015,1500,,
Hassan,21/06/2015,1400,,
Hassan,22/06/2015,1500,,
Hassan,28/06/2015,1200,,
Hassan,04/07/2015,1100,,
Hassan,05/07/2015,1400,,
Hassan,06/07/2015,1500,,
Hassan,11/07/2015,1200,,
Hassan,12/07/2015,1250,,
Hassan,18/07/2015,1300,,
Hassan,19/07/2015,1200,,
Hassan,25/07/2015,1450,,
Hassan,26/07/2015,1200,,
Hassan,28/07/2015,1450,,
Hassan,29/07/2015,2150,,
Hassan,01/08/2015,1200,,
Hassan,02/08/2015,1300,,
Hassan,04/08/2015,1400,,
Hassan,16/08/2015,1200,,
Hassan,23/08/2015,1510,,
Hassan,30/08/2015,1500,,
Hassan,13/09/2015,1300,,
Hassan,27/09/2015,1380,,
Hassan,09/10/2015,1300,,
Hassan,10/10/2015,1200,,
Hassan,11/10/2015,1370,,
Hassan,18/10/2015,1250,,
Hassan,31/10/2015,1100,,
Hassan,07/11/2015,1200,,
Hassan,14/11/2015,1300,,
Hassan,21/11/2015,1200,,
Hassan,26/11/2015,1400,,
Hassan,08/12/2015,1500,,
Hassan,15/12/2015,1400,,
Hassan,26/12/2015,1500,,
Hassan,27/12/2015,1500,,
Hassan,28/12/2015,1650,,
Hassan,30/12/2015,1650,,
Hassan,20/01/2015,1464,,
Hassan,21/01/2015,1500,,
Hassan,28/01/2015,1500,,
Hassan,28/01/2015,1500,,
Hassan,04/02/2015,1600,,
Hassan,11/02/2015,1300,,
Hassan,25/02/2015,1450,,
Hassan,02/03/2015,1300,,
Hassan,04/03/2015,1617,,
Hassan,10/03/2015,1430,,
Hassan,31/03/2015,1600,,
Hassan,01/04/2015,1300,,
Hassan,15/04/2015,1300,,
Hassan,22/04/2015,1300,,
Hassan,29/04/2015,1300,,
Hassan,06/05/2015,1300,,
Hassan,13/05/2015,1608,,
Hassan,03/06/2015,1300,,
Hassan,10/06/2015,1450,,
Hassan,24/06/2015,1607,,
Hassan,01/07/2015,1307,,
Hassan,08/07/2015,1533,,
Hassan,10/07/2015,1300,,
Hassan,15/07/2015,1200,,
Hassan,16/07/2015,1200,,
Hassan,17/07/2015,1200,,
Hassan,29/07/2015,1200,,
Hassan,31/07/2015,1200,,
Hassan,03/08/2015,1502,,
Hassan,05/08/2015,1200,,
Hassan,12/08/2015,1600,,
Hassan,13/08/2015,1608,,
Hassan,14/08/2015,1650,,
Hassan,19/08/2015,1250,,
Hassan,24/08/2015,1260,,
Hassan,26/08/2015,1700,,
Hassan,28/08/2015,1800,,
Hassan,11/09/2015,1282,,
Hassan,14/09/2015,1600,,
Hassan,15/09/2015,1500,,
Hassan,19/09/2015,1300,,
Hassan,21/09/2015,1604,,
Hassan,23/09/2015,1602,,
Hassan,24/09/2015,1300,,
Hassan,29/09/2015,1600,,
Hassan,30/09/2015,1300,,
Hassan,03/10/2015,1590,,
Hassan,07/10/2015,1300,,
Hassan,14/10/2015,1500,,
Hassan,16/10/2015,1200,,
Hassan,21/10/2015,1400,,
Hassan,03/11/2015,1203,,
Hassan,04/11/2015,1300,,
Hassan,18/11/2015,1300,,
Hassan,25/11/2015,1300,,
Hassan,26/11/2015,1325,,
Hassan,03/12/2015,1300,,
Hassan,08/12/2015,1300,,
Hassan,23/12/2015,1500,,
Hassan,30/12/2015,1500,,
Hassan,12/12/2015,1300,,
Hassan,31/12/2015,1300,,
Hassan,03/01/2015,1400,,
Hassan,08/01/2015,1400,,
Hassan,09/01/2015,1200,,
Hassan,16/01/2015,1300,,
Hassan,20/01/2015,1200,,
Hassan,22/01/2015,1300,,
Hassan,01/02/2015,1200,,
Hassan,06/02/2015,1400,,
Hassan,13/02/2015,1400,,
Hassan,18/02/2015,1400,,
Hassan,25/02/2015,1400,,
Hassan,03/03/2015,1400,,
Hassan,05/03/2015,2000,,
Hassan,06/03/2015,1254,,
Hassan,18/03/2015,1400,,
Hassan,31/03/2015,1400,,
Hassan,01/04/2015,1500,,
Hassan,08/04/2015,1400,,
Hassan,15/04/2015,1740,,
Hassan,16/04/2015,2030,,
Hassan,17/04/2015,1767,,
Hassan,18/04/2015,2030,,
Hassan,20/04/2015,1758,,
Hassan,21/04/2015,1400,,
Hassan,23/04/2015,1300,,
Hassan,30/04/2015,1400,,
Hassan,06/05/2015,1760,,
Hassan,13/05/2015,1300,,
Hassan,14/05/2015,1300,,
Hassan,21/05/2015,1300,,
Hassan,16/06/2015,1300,,
Hassan,18/06/2015,1300,,
Hassan,25/06/2015,2000,,
Hassan,27/06/2015,1300,,
Hassan,01/07/2015,1462,,
Hassan,04/07/2015,1400,,
Hassan,08/07/2015,1200,,
Hassan,14/07/2015,1200,,
Hassan,15/07/2015,1300,,
Hassan,17/07/2015,1200,,
Hassan,22/07/2015,1300,,
Hassan,23/07/2015,1300,,
Hassan,26/07/2015,1642,,
Hassan,27/07/2015,2025,,
Hassan,28/07/2015,1646,,
Hassan,29/07/2015,1600,,
Hassan,30/07/2015,1642,,
Hassan,31/07/2015,1850,,
Hassan,03/08/2015,1250,,
Hassan,06/08/2015,1300,,
Hassan,13/08/2015,1300,,
Hassan,15/08/2015,1200,,
Hassan,29/08/2015,1300,,
Hassan,01/09/2015,1300,,
Hassan,10/09/2015,1300,,
Hassan,16/09/2015,1400,,
Hassan,17/09/2015,1500,,
Hassan,01/10/2015,1400,,
Hassan,02/10/2015,1500,,
Hassan,09/10/2015,1400,,
Hassan,14/10/2015,1300,,
Hassan,22/10/2015,1400,,
Hassan,10/11/2015,1100,,
Hassan,17/11/2015,1300,,
Hassan,24/11/2015,1300,,
Hassan,11/12/2015,1300,,
Hassan,16/12/2015,1500,,
Hassan,17/12/2015,1300,,
Hassan,24/12/2015,1300,,
Haveri,17/01/2015,1200,,
Haveri,19/01/2015,1200,,
Haveri,03/02/2015,1200,,
Haveri,15/04/2015,1200,,
Haveri,25/04/2015,1200,,
Haveri,10/06/2015,1250,,
Haveri,20/08/2015,1250,,
Haveri,03/07/2015,1100,,
Haveri,24/09/2015,1017,,
Kolar,30/12/2015,1500,,
Kolar,05/01/2015,1450,,
Kolar,06/01/2015,1450,,
Kolar,12/01/2015,1500,,
Kolar,19/01/2015,1500,,
Kolar,26/01/2015,1500,,
Kolar,26/01/2015,1500,,
Kolar,29/01/2015,1500,,
Kolar,31/01/2015,1500,,
Kolar,02/02/2015,1500,,
Kolar,03/02/2015,1510,,
Kolar,06/02/2015,1500,,
Kolar,09/02/2015,1500,,
Kolar,10/02/2015,1450,,
Kolar,13/02/2015,1500,,
Kolar,14/02/2015,1500,,
Kolar,16/02/2015,1500,,
Kolar,20/02/2015,1500,,
Kolar,23/02/2015,1500,,
Kolar,24/02/2015,1500,,
Kolar,27/02/2015,1400,,
Kolar,28/02/2015,1450,,
Kolar,02/03/2015,1450,,
Kolar,06/03/2015,1350,,
Kolar,07/03/2015,1350,,
Kolar,09/03/2015,1450,,
Kolar,12/03/2015,1450,,
Kolar,13/03/2015,1450,,
Kolar,14/03/2015,1450,,
Kolar,16/03/2015,1500,,
Kolar,20/03/2015,1500,,
Kolar,23/03/2015,1500,,
Kolar,27/03/2015,1500,,
Kolar,30/03/2015,1500,,
Kolar,06/04/2015,1500,,
Kolar,13/04/2015,1600,,
Kolar,20/04/2015,1500,,
Kolar,27/04/2015,1500,,
Kolar,30/04/2015,1500,,
Kolar,11/05/2015,1500,,
Kolar,18/05/2015,1500,,
Kolar,25/05/2015,1450,,
Kolar,01/06/2015,1450,,
Kolar,08/06/2015,1450,,
Kolar,15/06/2015,1450,,
Kolar,19/06/2015,1550,,
Kolar,22/06/2015,1500,,
Kolar,23/06/2015,1450,,
Kolar,29/06/2015,1450,,
Kolar,06/07/2015,1450,,
Kolar,13/07/2015,1450,,
Kolar,27/07/2015,1450,,
Kolar,28/07/2015,1450,,
Kolar,06/08/2015,1450,,
Kolar,08/08/2015,1500,,
Kolar,10/08/2015,1450,,
Kolar,14/08/2015,1450,,
Kolar,17/08/2015,1450,,
Kolar,24/08/2015,1550,,
Kolar,27/08/2015,1500,,
Kolar,31/08/2015,1500,,
Kolar,07/09/2015,1500,,
Kolar,14/09/2015,1500,,
Kolar,17/09/2015,1500,,
Kolar,19/09/2015,1600,,
Kolar,21/09/2015,1500,,
Kolar,28/09/2015,1450,,
Kolar,29/09/2015,1450,,
Kolar,05/10/2015,1350,,
Kolar,11/10/2015,1300,,
Kolar,12/10/2015,1300,,
Kolar,13/10/2015,1300,,
Kolar,16/10/2015,1400,,
Kolar,26/10/2015,1350,,
Kolar,29/10/2015,1450,,
Kolar,02/11/2015,1350,,
Kolar,09/11/2015,1400,,
Kolar,16/11/2015,1350,,
Kolar,30/11/2015,1450,,
Kolar,08/12/2015,1500,,
Kolar,11/12/2015,1450,,
Kolar,14/12/2015,1540,,
Kolar,21/12/2015,1600,,
Kolar,24/12/2015,1500,,
Kolar,25/12/2015,1500,,
Kolar,28/12/2015,1550,,
Kolar,29/12/2015,1500,,
Kolar,13/05/2015,1200,,
Kolar,27/02/2015,1500,,
Kolar,30/04/2015,1200,,
Kolar,24/06/2015,1400,,
Kolar,25/06/2015,1388,,
Kolar,09/07/2015,1500,,
Kolar,07/08/2015,2004,,
Kolar,12/08/2015,1600,,
Kolar,26/08/2015,1800,,
Kolar,02/09/2015,1500,,
Kolar,07/10/2015,2000,,
Kolar,03/12/2015,1600,,
Kolar,10/12/2015,1500,,
Kolar,17/12/2015,1500,,
Kolar,25/12/2015,1666,,
Kolar,31/12/2015,1772,,
Kolar,13/04/2015,2000,,
Kolar,16/04/2015,2000,,
Kolar,30/06/2015,1800,,
Kolar,22/07/2015,1900,,
Kolar,29/08/2015,1800,,
Kolar,23/12/2015,2000,,
Kolar,10/12/2015,1550,,
Mandya,05/01/2015,1600,,
Mandya,16/01/2015,1410,,
Mandya,02/02/2015,2000,,
Mandya,20/02/2015,2000,,
Mandya,15/06/2015,1400,,
Mandya,23/06/2015,1400,,
Mandya,12/09/2015,1700,,
Mandya,17/09/2015,1700,,
Mandya,05/10/2015,1550,,
Mandya,07/10/2015,1600,,
Mandya,14/10/2015,1540,,
Mandya,29/10/2015,1475,,
Mandya,01/11/2015,1485,,
Mandya,04/11/2015,1475,,
Mandya,07/11/2015,1486,,
Mandya,20/11/2015,1660,,
Mandya,23/11/2015,1780,,
Mandya,25/11/2015,1470,,
Mandya,29/11/2015,1460,,
Mandya,09/12/2015,1850,,
Mandya,26/08/2015,1500,,
Mandya,16/09/2015,1500,,
Mandya,05/01/2015,1550,,
Mandya,07/01/2015,1600,,
Mandya,08/01/2015,1500,,
Mandya,09/01/2015,1690,,
Mandya,13/01/2015,1720,,
Mandya,14/01/2015,1600,,
Mandya,21/01/2015,1300,,
Mandya,22/01/2015,1650,,
Mandya,28/01/2015,1500,,
Mandya,31/01/2015,1750,,
Mandya,04/02/2015,1500,,
Mandya,11/02/2015,1500,,
Mandya,18/02/2015,1500,,
Mandya,20/02/2015,1500,,
Mandya,24/02/2015,1580,,
Mandya,25/02/2015,1500,,
Mandya,28/02/2015,1700,,
Mandya,04/03/2015,1500,,
Mandya,12/03/2015,1600,,
Mandya,13/03/2015,1650,,
Mandya,17/03/2015,1300,,
Mandya,18/03/2015,1600,,
Mandya,25/03/2015,1600,,
Mandya,01/04/2015,1600,,
Mandya,08/04/2015,1600,,
Mandya,15/04/2015,1600,,
Mandya,22/04/2015,1600,,
Mandya,29/04/2015,1400,,
Mandya,06/05/2015,1400,,
Mandya,13/05/2015,1400,,
Mandya,15/05/2015,1600,,
Mandya,20/05/2015,1500,,
Mandya,27/05/2015,1500,,
Mandya,01/06/2015,2000,,
Mandya,03/06/2015,1400,,
Mandya,10/06/2015,1400,,
Mandya,17/06/2015,1400,,
Mandya,23/06/2015,1550,,
Mandya,30/06/2015,1600,,
Mandya,01/07/2015,1400,,
Mandya,08/07/2015,1400,,
Mandya,15/07/2015,1400,,
Mandya,04/08/2015,1500,,
Mandya,05/08/2015,1400,,
Mandya,12/08/2015,1400,,
Mandya,19/08/2015,1500,,
Mandya,20/08/2015,1560,,
Mandya,23/08/2015,1500,,
Mandya,02/09/2015,1600,,
Mandya,03/09/2015,1500,,
Mandya,09/09/2015,1500,,
Mandya,12/09/2015,1880,,
Mandya,15/09/2015,1670,,
Mandya,23/09/2015,1500,,
Mandya,30/09/2015,1500,,
Mandya,07/10/2015,1500,,
Mandya,08/10/2015,1350,,
Mandya,13/10/2015,2000,,
Mandya,14/10/2015,1500,,
Mandya,21/10/2015,1500,,
Mandya,26/10/2015,1650,,
Mandya,28/10/2015,1500,,
Mandya,30/10/2015,1550,,
Mandya,02/11/2015,1500,,
Mandya,04/11/2015,1500,,
Mandya,11/11/2015,1350,,
Mandya,17/11/2015,1560,,
Mandya,18/11/2015,1250,,
Mandya,22/11/2015,1485,,
Mandya,25/11/2015,1400,,
Mandya,02/12/2015,1400,,
Mandya,09/12/2015,1400,,
Mandya,16/12/2015,1500,,
Mandya,20/12/2015,1700,,
Mandya,23/12/2015,1500,,
Mandya,30/12/2015,1580,,
Mandya,24/06/2015,1600,,
Mandya,24/02/2015,2000,,
Mandya,19/09/2015,1300,,
Mandya,21/09/2015,1300,,
Mandya,27/10/2015,1300,,
Mandya,09/04/2015,1450,,
Mandya,07/06/2015,1400,,
Mandya,16/10/2015,1300,,
Mandya,22/10/2015,1300,,
Mandya,18/11/2015,1300,,
Mandya,06/10/2015,1300,,
Mandya,07/10/2015,1300,,
Mandya,28/11/2015,1300,,
Mysore,21/01/2015,1310,,
Mysore,28/01/2015,1500,,
Mysore,30/01/2015,1200,,
Mysore,07/02/2015,1200,,
Mysore,20/02/2015,1458,,
Mysore,24/02/2015,1500,,
Mysore,25/07/2015,1300,,
Mysore,06/12/2015,1400,,
Mysore,19/12/2015,1550,,
Mysore,18/02/2015,1818,,
Mysore,24/04/2015,1500,,
Mysore,03/06/2015,2000,,
Mysore,05/06/2015,2000,,
Mysore,22/07/2015,1520,,
Mysore,28/07/2015,1300,,
Mysore,05/10/2015,1800,,
Mysore,18/12/2015,1300,,
Mysore,22/12/2015,1600,,
Mysore,01/01/2015,1383,,
Mysore,02/01/2015,1358,,
Mysore,03/01/2015,1394,,
Mysore,05/01/2015,1425,,
Mysore,06/01/2015,1502,,
Mysore,07/01/2015,1497,,
Mysore,08/01/2015,1516,,
Mysore,09/01/2015,1529,,
Mysore,12/01/2015,1492,,
Mysore,13/01/2015,1514,,
Mysore,14/01/2015,1546,,
Mysore,16/01/2015,1612,,
Mysore,17/01/2015,1561,,
Mysore,19/01/2015,1557,,
Mysore,20/01/2015,1545,,
Mysore,21/01/2015,1560,,
Mysore,22/01/2015,1572,,
Mysore,23/01/2015,1625,,
Mysore,24/01/2015,1559,,
Mysore,27/01/2015,1570,,
Mysore,27/01/2015,1570,,
Mysore,28/01/2015,1571,,
Mysore,28/01/2015,1571,,
Mysore,29/01/2015,1587,,
Mysore,31/01/2015,1540,,
Mysore,02/02/2015,1546,,
Mysore,04/02/2015,1480,,
Mysore,05/02/2015,1552,,
Mysore,06/02/2015,1546,,
Mysore,07/02/2015,1561,,
Mysore,09/02/2015,1555,,
Mysore,10/02/2015,1568,,
Mysore,11/02/2015,1503,,
Mysore,12/02/2015,1538,,
Mysore,13/02/2015,1526,,
Mysore,16/02/2015,1549,,
Mysore,18/02/2015,1382,,
Mysore,19/02/2015,1503,,
Mysore,20/02/2015,1491,,
Mysore,21/02/2015,1559,,
Mysore,24/02/2015,1544,,
Mysore,25/02/2015,1568,,
Mysore,26/02/2015,1567,,
Mysore,27/02/2015,1568,,
Mysore,28/02/2015,1571,,
Mysore,03/03/2015,1575,,
Mysore,04/03/2015,1586,,
Mysore,05/03/2015,1605,,
Mysore,06/03/2015,1818,,
Mysore,07/03/2015,1679,,
Mysore,09/03/2015,1577,,
Mysore,10/03/2015,1635,,
Mysore,11/03/2015,1581,,
Mysore,12/03/2015,1602,,
Mysore,13/03/2015,1619,,
Mysore,17/03/2015,1637,,
Mysore,18/03/2015,1676,,
Mysore,19/03/2015,1639,,
Mysore,24/03/2015,1588,,
Mysore,25/03/2015,1620,,
Mysore,26/03/2015,1567,,
Mysore,27/03/2015,1573,,
Mysore,28/03/2015,1571,,
Mysore,30/03/2015,1560,,
Mysore,31/03/2015,1542,,
Mysore,01/04/2015,1553,,
Mysore,04/04/2015,1537,,
Mysore,06/04/2015,1496,,
Mysore,07/04/2015,1672,,
Mysore,09/04/2015,1492,,
Mysore,10/04/2015,1490,,
Mysore,13/04/2015,1494,,
Mysore,15/04/2015,1490,,
Mysore,16/04/2015,1480,,
Mysore,20/04/2015,1436,,
Mysore,22/04/2015,1459,,
Mysore,23/04/2015,1438,,
Mysore,24/04/2015,1412,,
Mysore,25/04/2015,1562,,
Mysore,27/04/2015,1427,,
Mysore,28/04/2015,1456,,
Mysore,29/04/2015,1445,,
Mysore,07/05/2015,1580,,
Mysore,08/05/2015,1480,,
Mysore,09/05/2015,1576,,
Mysore,11/05/2015,1423,,
Mysore,12/05/2015,1367,,
Mysore,13/05/2015,1278,,
Mysore,14/05/2015,1481,,
Mysore,15/05/2015,1486,,
Mysore,18/05/2015,1378,,
Mysore,20/05/2015,1369,,
Mysore,21/05/2015,1474,,
Mysore,22/05/2015,1397,,
Mysore,23/05/2015,1600,,
Mysore,25/05/2015,1367,,
Mysore,27/05/2015,1297,,
Mysore,01/06/2015,1553,,
Mysore,02/06/2015,1338,,
Mysore,03/06/2015,1320,,
Mysore,09/06/2015,1360,,
Mysore,10/06/2015,1260,,
Mysore,12/06/2015,1175,,
Mysore,15/06/2015,1431,,
Mysore,16/06/2015,1415,,
Mysore,17/06/2015,1299,,
Mysore,18/06/2015,1315,,
Mysore,19/06/2015,1319,,
Mysore,20/06/2015,1315,,
Mysore,22/06/2015,1295,,
Mysore,23/06/2015,1288,,
Mysore,24/06/2015,1318,,
Mysore,25/06/2015,1346,,
Mysore,29/06/2015,1291,,
Mysore,30/06/2015,1361,,
Mysore,01/07/2015,1329,,
Mysore,02/07/2015,1201,,
Mysore,06/07/2015,1207,,
Mysore,07/07/2015,1403,,
Mysore,08/07/2015,1313,,
Mysore,09/07/2015,1322,,
Mysore,10/07/2015,1254,,
Mysore,14/07/2015,1402,,
Mysore,15/07/2015,1446,,
Mysore,16/07/2015,1389,,
Mysore,17/07/2015,1500,,
Mysore,21/07/2015,1296,,
Mysore,22/07/2015,1261,,
Mysore,23/07/2015,1168,,
Mysore,24/07/2015,1252,,
Mysore,25/07/2015,1262,,
Mysore,29/07/2015,1279,,
Mysore,30/07/2015,1199,,
Mysore,03/08/2015,1266,,
Mysore,04/08/2015,1264,,
Mysore,05/08/2015,1306,,
Mysore,06/08/2015,1921,,
Mysore,07/08/2015,1255,,
Mysore,11/08/2015,1280,,
Mysore,13/08/2015,1254,,
Mysore,14/08/2015,1169,,
Mysore,18/08/2015,1314,,
Mysore,19/08/2015,1351,,
Mysore,20/08/2015,1500,,
Mysore,21/08/2015,1537,,
Mysore,22/08/2015,1420,,
Mysore,24/08/2015,1402,,
Mysore,25/08/2015,1683,,
Mysore,26/08/2015,1499,,
Mysore,27/08/2015,1499,,
Mysore,29/08/2015,1413,,
Mysore,31/08/2015,1352,,
Mysore,01/09/2015,1478,,
Mysore,03/09/2015,1542,,
Mysore,04/09/2015,1578,,
Mysore,08/09/2015,1492,,
Mysore,09/09/2015,1462,,
Mysore,10/09/2015,1553,,
Mysore,11/09/2015,1527,,
Mysore,14/09/2015,1353,,
Mysore,18/09/2015,1571,,
Mysore,19/09/2015,1500,,
Mysore,21/09/2015,1462,,
Mysore,22/09/2015,1415,,
Mysore,23/09/2015,1503,,
Mysore,28/09/2015,1465,,
Mysore,29/09/2015,1495,,
Mysore,01/10/2015,1551,,
Mysore,05/10/2015,1482,,
Mysore,06/10/2015,1380,,
Mysore,07/10/2015,1397,,
Mysore,08/10/2015,1313,,
Mysore,13/10/2015,1500,,
Mysore,15/10/2015,1444,,
Mysore,17/10/2015,1427,,
Mysore,19/10/2015,1510,,
Mysore,21/10/2015,1332,,
Mysore,26/10/2015,1415,,
Mysore,30/10/2015,1299,,
Mysore,02/11/2015,1356,,
Mysore,03/11/2015,1384,,
Mysore,05/11/2015,1336,,
Mysore,07/11/2015,1600,,
Mysore,18/11/2015,1400,,
Mysore,19/11/2015,1480,,
Mysore,25/11/2015,1375,,
Mysore,26/11/2015,1382,,
Mysore,30/11/2015,1490,,
Mysore,02/12/2015,1515,,
Mysore,04/12/2015,1603,,
Mysore,05/12/2015,1611,,
Mysore,10/12/2015,1585,,
Mysore,11/12/2015,1562,,
Mysore,14/12/2015,1613,,
Mysore,15/12/2015,1595,,
Mysore,16/12/2015,1578,,
Mysore,18/12/2015,1550,,
Mysore,19/12/2015,1600,,
Mysore,21/12/2015,1613,,
Mysore,22/12/2015,1614,,
Mysore,26/12/2015,1661,,
Mysore,28/12/2015,1668,,
Mysore,29/12/2015,1700,,
Mysore,30/12/2015,1698,,
Mysore,23/03/2015,1646,,
Mysore,19/05/2015,1531,,
Mysore,08/06/2015,1393,,
Mysore,03/07/2015,1252,,
Mysore,04/07/2015,1364,,
Mysore,07/08/2015,1296,,
Mysore,29/10/2015,1598,,
Mysore,31/10/2015,1782,,
Mysore,08/01/2015,1310,,
Mysore,05/01/2015,1500,,
Mysore,27/01/2015,1500,,
Mysore,27/01/2015,1500,,
Mysore,16/02/2015,1558,,
Mysore,19/02/2015,1200,,
Mysore,23/02/2015,1300,,
Mysore,15/04/2015,1510,,
Mysore,18/04/2015,1050,,
Mysore,02/05/2015,1400,,
Mysore,01/06/2015,1500,,
Mysore,25/07/2015,2000,,
Mysore,27/07/2015,1500,,
Mysore,06/08/2015,1400,,
Mysore,01/09/2015,1304,,
Mysore,28/09/2015,1464,,
Mysore,05/10/2015,1450,,
Mysore,29/10/2015,1400,,
Mysore,20/11/2015,1400,,
Mysore,25/11/2015,1400,,
Mysore,01/12/2015,1450,,
Mysore,03/12/2015,1500,,
Mysore,18/12/2015,1373,,
Mysore,21/12/2015,1650,,
Mysore,22/12/2015,1650,,
Mysore,21/01/2015,1400,,
Shimoga,17/01/2015,2000,,
Shimoga,23/05/2015,1900,,
Shimoga,09/06/2015,1360,,
Shimoga,04/12/2015,1300,,
Shimoga,28/12/2015,1800,,
Shimoga,06/01/2015,1950,,
Shimoga,09/01/2015,1950,,
Shimoga,17/01/2015,1950,,
Shimoga,23/01/2015,1950,,
Shimoga,30/01/2015,1950,,
Shimoga,31/01/2015,1950,,
Shimoga,02/02/2015,1950,,
Shimoga,12/02/2015,2050,,
Shimoga,13/02/2015,2050,,
Shimoga,20/02/2015,2050,,
Shimoga,28/02/2015,2050,,
Shimoga,13/03/2015,2050,,
Shimoga,20/03/2015,2050,,
Shimoga,26/03/2015,1950,,
Shimoga,30/03/2015,1950,,
Shimoga,06/04/2015,1950,,
Shimoga,20/04/2015,1950,,
Shimoga,28/04/2015,1950,,
Shimoga,07/05/2015,1950,,
Shimoga,13/05/2015,1950,,
Shimoga,16/05/2015,1950,,
Shimoga,23/05/2015,1950,,
Shimoga,02/06/2015,1950,,
Shimoga,08/06/2015,1875,,
Shimoga,20/06/2015,1875,,
Shimoga,01/07/2015,1875,,
Shimoga,03/07/2015,1875,,
Shimoga,06/07/2015,1900,,
Shimoga,24/07/2015,1950,,
Shimoga,27/07/2015,1950,,
Shimoga,31/07/2015,1950,,
Shimoga,31/08/2015,1950,,
Shimoga,07/09/2015,1950,,
Shimoga,14/09/2015,2850,,
Shimoga,15/09/2015,2100,,
Shimoga,22/09/2015,1900,,
Shimoga,26/09/2015,1950,,
Shimoga,01/10/2015,1950,,
Shimoga,05/10/2015,1950,,
Shimoga,08/10/2015,1900,,
Shimoga,20/10/2015,1850,,
Shimoga,31/10/2015,1850,,
Shimoga,01/12/2015,1850,,
Shimoga,29/12/2015,2100,,
Shimoga,31/12/2015,2100,,
Tumkur,05/02/2015,1300,,
Tumkur,12/03/2015,1150,,
Tumkur,27/03/2015,1100,,
Tumkur,30/03/2015,1470,,
Tumkur,01/01/2015,1500,,
Tumkur,05/01/2015,1500,,
Tumkur,06/01/2015,1200,,
Tumkur,12/01/2015,1600,,
Tumkur,13/01/2015,1200,,
Tumkur,17/01/2015,1575,,
Tumkur,19/01/2015,1500,,
Tumkur,20/01/2015,1500,,
Tumkur,23/01/2015,1100,,
Tumkur,26/01/2015,1400,,
Tumkur,26/01/2015,1400,,
Tumkur,28/01/2015,1500,,
Tumkur,03/02/2015,1200,,
Tumkur,04/02/2015,1550,,
Tumkur,09/02/2015,1550,,
Tumkur,16/02/2015,1500,,
Tumkur,19/02/2015,1500,,
Tumkur,20/02/2015,1550,,
Tumkur,23/02/2015,1500,,
Tumkur,02/03/2015,1200,,
Tumkur,04/03/2015,1100,,
Tumkur,09/03/2015,1400,,
Tumkur,16/03/2015,1500,,
Tumkur,17/03/2015,1100,,
Tumkur,20/03/2015,1300,,
Tumkur,30/03/2015,1500,,
Tumkur,01/04/2015,1250,,
Tumkur,06/04/2015,1500,,
Tumkur,15/04/2015,1400,,
Tumkur,17/04/2015,1400,,
Tumkur,20/04/2015,1500,,
Tumkur,30/04/2015,1300,,
Tumkur,11/05/2015,1400,,
Tumkur,13/05/2015,1500,,
Tumkur,18/05/2015,1300,,
Tumkur,22/05/2015,1310,,
Tumkur,27/05/2015,1330,,
Tumkur,01/06/2015,1300,,
Tumkur,08/06/2015,1250,,
Tumkur,15/06/2015,1400,,
Tumkur,16/06/2015,1350,,
Tumkur,17/06/2015,1100,,
Tumkur,22/06/2015,1400,,
Tumkur,25/06/2015,1280,,
Tumkur,19/07/2015,1000,,
Tumkur,24/07/2015,1225,,
Tumkur,30/07/2015,1225,,
Tumkur,03/08/2015,1200,,
Tumkur,24/08/2015,1400,,
Tumkur,27/08/2015,1440,,
Tumkur,29/08/2015,2000,,
Tumkur,31/08/2015,1500,,
Tumkur,07/09/2015,1400,,
Tumkur,08/09/2015,1300,,
Tumkur,11/09/2015,1470,,
Tumkur,12/09/2015,1350,,
Tumkur,14/09/2015,1400,,
Tumkur,21/09/2015,1400,,
Tumkur,28/09/2015,1400,,
Tumkur,05/10/2015,1300,,
Tumkur,15/10/2015,1300,,
Tumkur,19/10/2015,1200,,
Tumkur,20/10/2015,1300,,
Tumkur,26/10/2015,1400,,
Tumkur,02/11/2015,1300,,
Tumkur,06/11/2015,1550,,
Tumkur,07/11/2015,1260,,
Tumkur,08/11/2015,1250,,
Tumkur,09/11/2015,1250,,
Tumkur,16/11/2015,1200,,
Tumkur,23/11/2015,1350,,
Tumkur,30/11/2015,1300,,
Tumkur,06/12/2015,1510,,
Tumkur,07/12/2015,1500,,
Tumkur,11/12/2015,1500,,
Tumkur,14/12/2015,1400,,
Tumkur,21/12/2015,1200,,
Tumkur,28/12/2015,1500,,
Tumkur,24/01/2015,1300,,
Tumkur,31/01/2015,1323,,
Tumkur,04/02/2015,1350,,
Tumkur,05/02/2015,1200,,
Tumkur,06/02/2015,1300,,
Tumkur,09/02/2015,1475,,
Tumkur,10/02/2015,1500,,
Tumkur,12/02/2015,1450,,
Tumkur,23/02/2015,1300,,
Tumkur,28/02/2015,1300,,
Tumkur,02/03/2015,1480,,
Tumkur,03/03/2015,1550,,
Tumkur,04/03/2015,1300,,
Tumkur,05/03/2015,1000,,
Tumkur,06/03/2015,1000,,
Tumkur,07/03/2015,1300,,
Tumkur,10/03/2015,1300,,
Tumkur,13/03/2015,1300,,
Tumkur,16/03/2015,1300,,
Tumkur,19/03/2015,1600,,
Tumkur,25/03/2015,1500,,
Tumkur,31/03/2015,1400,,
Tumkur,24/04/2015,1325,,
Tumkur,27/04/2015,1400,,
Tumkur,29/04/2015,1300,,
Tumkur,30/04/2015,1328,,
Tumkur,11/05/2015,1300,,
Tumkur,15/05/2015,1300,,
Tumkur,18/05/2015,1200,,
Tumkur,21/05/2015,1300,,
Tumkur,26/05/2015,1250,,
Tumkur,30/05/2015,1345,,
Tumkur,22/06/2015,1350,,
Tumkur,30/06/2015,1300,,
Tumkur,29/07/2015,1350,,
Tumkur,24/08/2015,1540,,
Tumkur,31/08/2015,1241,,
Tumkur,01/09/2015,1250,,
Tumkur,08/09/2015,1250,,
Tumkur,14/09/2015,1475,,
Tumkur,16/09/2015,1400,,
Tumkur,30/09/2015,1250,,
Tumkur,14/10/2015,1280,,
Tumkur,31/10/2015,1336,,
Tumkur,15/12/2015,1550,,
Tumkur,24/03/2015,1500,,
Tumkur,27/03/2015,1450,,
Tumkur,13/04/2015,1400,,
Tumkur,05/05/2015,1400,,
Tumkur,08/05/2015,1295,,
Tumkur,12/05/2015,1300,,
Tumkur,30/05/2015,1250,,
Tumkur,09/06/2015,1250,,
Tumkur,17/06/2015,1300,,
Tumkur,18/06/2015,1350,,
Tumkur,20/06/2015,1360,,
Tumkur,24/06/2015,1400,,
Tumkur,09/07/2015,1300,,
Tumkur,31/07/2015,1320,,
Tumkur,04/08/2015,1150,,
Tumkur,10/08/2015,1400,,
Tumkur,11/08/2015,1400,,
Tumkur,12/08/2015,1300,,
Tumkur,14/08/2015,1500,,
Tumkur,28/08/2015,1000,,
Tumkur,29/09/2015,1375,,
Tumkur,13/10/2015,1400,,
Tumkur,18/11/2015,1300,,
Tumkur,19/11/2015,1300,,
Tumkur,26/11/2015,1300,,
Tumkur,07/12/2015,1421,,
Tumkur,09/12/2015,1200,,
Tumkur,08/01/2015,1600,,
Tumkur,09/01/2015,1600,,
Tumkur,14/01/2015,1470,,
Tumkur,21/01/2015,1600,,
Tumkur,22/01/2015,1600,,
Tumkur,28/01/2015,1540,,
Tumkur,30/01/2015,1300,,
Tumkur,05/02/2015,1840,,
Tumkur,11/02/2015,1580,,
Tumkur,18/02/2015,1600,,
Tumkur,25/02/2015,1580,,
Tumkur,05/03/2015,1600,,
Tumkur,11/03/2015,1600,,
Tumkur,19/03/2015,1600,,
Tumkur,04/04/2015,1600,,
Tumkur,15/04/2015,1488,,
Tumkur,22/04/2015,1470,,
Tumkur,29/04/2015,1650,,
Tumkur,20/05/2015,1420,,
Tumkur,06/08/2015,1350,,
Tumkur,28/09/2015,1600,,
Tumkur,15/10/2015,1560,,
Tumkur,06/11/2015,1565,,
Tumkur,25/11/2015,1460,,
Tumkur,30/11/2015,1540,,
Tumkur,02/12/2015,1650,,
Tumkur,14/12/2015,1650,,
Tumkur,23/12/2015,1700,,
Tumkur,16/02/2015,1500,,
Tumkur,06/03/2015,1600,,
Tumkur,11/05/2015,1600,,
Tumkur,14/07/2015,1800,,
Tumkur,06/01/2015,2000,,
Tumkur,14/01/2015,2000,,
Tumkur,20/01/2015,2000,,
Tumkur,27/01/2015,1950,,
Tumkur,27/01/2015,1950,,
Tumkur,03/02/2015,1971,,
Tumkur,10/02/2015,2000,,
Tumkur,12/02/2015,2000,,
Tumkur,10/03/2015,2051,,
Tumkur,12/03/2015,1900,,
Tumkur,17/03/2015,2200,,
Tumkur,19/03/2015,2000,,
Tumkur,31/03/2015,2000,,
Tumkur,17/04/2015,2000,,
Tumkur,21/04/2015,2000,,
Tumkur,30/04/2015,2000,,
Tumkur,14/05/2015,2000,,
Tumkur,19/05/2015,2000,,
Tumkur,28/05/2015,2000,,
Tumkur,04/06/2015,2000,,
Tumkur,23/06/2015,2000,,
Tumkur,02/07/2015,2000,,
Tumkur,09/07/2015,2000,,
Tumkur,14/07/2015,2000,,
Tumkur,16/07/2015,2000,,
Tumkur,21/07/2015,2000,,
Tumkur,31/07/2015,2000,,
Tumkur,06/08/2015,2000,,
Tumkur,11/08/2015,2000,,
Tumkur,20/08/2015,2000,,
Tumkur,25/08/2015,2000,,
Tumkur,03/09/2015,2000,,
Tumkur,01/10/2015,2000,,
Tumkur,15/10/2015,1660,,
Tumkur,20/10/2015,1978,,
Tumkur,30/10/2015,1800,,
Tumkur,03/12/2015,2000,,
Tumkur,14/12/2015,2000,,
Tumkur,15/12/2015,1800,,
Tumkur,26/12/2015,1639,,
Tumkur,29/12/2015,2000,,
Tumkur,02/01/2015,1720,,
Tumkur,03/01/2015,1740,,
Tumkur,06/01/2015,1580,,
Tumkur,09/01/2015,1700,,
Tumkur,12/01/2015,1500,,
Tumkur,13/01/2015,1480,,
Tumkur,17/01/2015,1400,,
Tumkur,19/01/2015,1450,,
Tumkur,20/01/2015,1300,,
Tumkur,22/01/2015,1300,,
Tumkur,23/01/2015,1350,,
Tumkur,24/01/2015,1450,,
Tumkur,26/01/2015,1550,,
Tumkur,26/01/2015,1550,,
Tumkur,28/01/2015,1700,,
Tumkur,28/01/2015,1700,,
Tumkur,30/01/2015,1700,,
Tumkur,31/01/2015,1670,,
Tumkur,03/02/2015,1700,,
Tumkur,04/02/2015,1730,,
Tumkur,05/02/2015,1670,,
Tumkur,11/02/2015,1650,,
Tumkur,24/02/2015,1650,,
Tumkur,25/02/2015,1600,,
Tumkur,27/02/2015,1680,,
Tumkur,28/02/2015,1670,,
Tumkur,02/03/2015,1700,,
Tumkur,03/03/2015,1650,,
Tumkur,04/03/2015,1650,,
Tumkur,06/03/2015,1710,,
Tumkur,07/03/2015,1600,,
Tumkur,10/03/2015,1620,,
Tumkur,13/03/2015,1680,,
Tumkur,17/03/2015,1600,,
Tumkur,20/03/2015,1720,,
Tumkur,25/03/2015,1720,,
Tumkur,27/03/2015,1600,,
Tumkur,28/03/2015,1650,,
Tumkur,31/03/2015,1550,,
Tumkur,01/04/2015,1600,,
Tumkur,10/04/2015,1640,,
Tumkur,15/04/2015,1690,,
Tumkur,17/04/2015,1630,,
Tumkur,22/04/2015,1500,,
Tumkur,14/05/2015,1650,,
Tumkur,21/05/2015,1640,,
Tumkur,22/05/2015,1600,,
Tumkur,23/05/2015,1650,,
Tumkur,25/05/2015,1650,,
Tumkur,29/05/2015,1650,,
Tumkur,30/05/2015,1660,,
Tumkur,04/06/2015,1550,,
Tumkur,06/06/2015,1680,,
Tumkur,09/06/2015,1650,,
Tumkur,15/06/2015,1600,,
Tumkur,16/06/2015,1680,,
Tumkur,17/06/2015,1620,,
Tumkur,18/06/2015,1630,,
Tumkur,23/06/2015,1620,,
Tumkur,24/06/2015,1650,,
Tumkur,27/06/2015,1580,,
Tumkur,29/06/2015,1430,,
Tumkur,30/06/2015,1450,,
Tumkur,01/07/2015,1450,,
Tumkur,02/07/2015,1500,,
Tumkur,10/07/2015,1500,,
Tumkur,16/07/2015,1500,,
Tumkur,21/07/2015,1500,,
Tumkur,24/07/2015,1540,,
Tumkur,27/07/2015,1520,,
Tumkur,03/08/2015,1500,,
Tumkur,04/08/2015,1500,,
Tumkur,11/08/2015,1500,,
Tumkur,14/08/2015,1500,,
Tumkur,18/08/2015,1500,,
Tumkur,19/08/2015,1550,,
Tumkur,24/08/2015,1450,,
Tumkur,25/08/2015,1500,,
Tumkur,27/08/2015,1500,,
Tumkur,31/08/2015,1500,,
Tumkur,03/09/2015,1500,,
Tumkur,04/09/2015,1580,,
Tumkur,05/09/2015,1500,,
Tumkur,07/09/2015,1550,,
Tumkur,10/09/2015,1500,,
Tumkur,15/09/2015,1580,,
Tumkur,22/09/2015,1600,,
Tumkur,29/09/2015,1500,,
Tumkur,30/09/2015,1500,,
Tumkur,05/10/2015,1600,,
Tumkur,09/10/2015,1600,,
Tumkur,26/10/2015,1550,,
Tumkur,28/10/2015,1650,,
Tumkur,31/10/2015,1610,,
Tumkur,03/11/2015,1600,,
Tumkur,09/11/2015,1600,,
Tumkur,12/11/2015,1600,,
Tumkur,16/11/2015,1600,,
Tumkur,17/11/2015,1600,,
Tumkur,18/11/2015,1450,,
Tumkur,23/11/2015,1600,,
Tumkur,26/11/2015,1550,,
Tumkur,30/11/2015,1550,,
Tumkur,07/12/2015,1550,,
Tumkur,08/12/2015,1600,,
Tumkur,16/12/2015,1500,,
Tumkur,18/12/2015,1580,,
Tumkur,19/12/2015,1530,,
Tumkur,21/12/2015,1600,,
Tumkur,22/12/2015,1550,,
Tumkur,28/12/2015,1450,,
Tumkur,29/12/2015,1600,,
Tumkur,30/12/2015,1600,,